<?xml version="1.0" ?>
<doc href="https://www.ozon.ru/context/detail/id/167815280/">
  <title>Шины автомобильные Continental 255/50 R19&quot; W (до 270 км/ч) </title>
  <category href="None">None</category>
  <price>18 290 ₽</price>
  <text>
<![CDATA[Описание  Автомобильные шины CONTINENTAL CONTISPORTCONTACT 5 SUV 255/50R19 107W XL SSR *Производитель: CONTINENTALМодель: SPORTCONTACT 5 SUV SSRСезон: летоТипоразмер: 255/50R19Индекс скорости: WИндекс нагрузки: 107]]>  </text>
</doc>
