<?xml version="1.0" ?>
<doc href="https://www.ozon.ru/product/shiny-avtomobilnye-bfgoodrich-235-45-17-leto-neshipovannye-170783939/">
  <title>Шины автомобильные BFGoodrich 235/45 R17&quot; Y (до 300 км/ч) </title>
  <category href="None">None</category>
  <price>5 860 ₽</price>
  <text>
<![CDATA[Описание  Автомобильные шины Шины BFGoodrich ADVANTAGE 235/45R17 97Y XLПроизводитель: BFGoodrichМодель: ADVANTAGEСезон: летоТипоразмер: 235/45R17Индекс скорости: YИндекс нагрузки: 97]]>  </text>
</doc>
