<?xml version="1.0" ?>
<doc href="https://www.ozon.ru/product/motornoe-maslo-gulf-max-sae-10w-40-20l-164016574/">
  <title>Моторное масло GULF MAX SAE 10W-40 (20л)</title>
  <category href="None">None</category>
  <price>7 367 ₽</price>
  <text>
<![CDATA[Описание  Gulf MAX серия высококачественных моторных масел для легковых автомобилей, разработанная для современных турбированных и нетурбированных бензиновых двигателей и дизельных двигателей легких грузовиков. Все классы вязкости превосходят требования API SL. Особенности и преимущества • наилучшая термоокслительная способность снижает образование отложений и шламов, увеличивая срок службы масла  • активные моющие присадки обеспечивают чистоту двигателя • противоизносные присадки снижают износ двигателя и снижают эксплуатационные расходы  • Хорошая низкотемпературная текучесть масла обеспечивает легкий старт в условиях низких температур окружающей среды  Применение • Рекомендовано для высокопроизводительных, турбированных и не турбированных бензиновых двигателей и дизельных двигателей легких грузовиков, требующих применения масла уровня качества API SL & API CF  Спецификации, допуски и технические характеристики • Масла класса вязкости SAE 40применяются для двигателей старого поколения и являются минеральными маслам, выполняющими требования  API SL и предыдущей категории S.  SAE 10W-40 – полусинтетические.]]>  </text>
</doc>
