<?xml version="1.0" ?>
<doc href="https://www.ozon.ru/context/detail/id/165479899/">
  <title>Шины автомобильные Continental 235/50 R19&quot; T (до 190 км/ч) </title>
  <category href="None">None</category>
  <price>15 079 ₽</price>
  <text>
<![CDATA[Описание  Автомобильные шины CONTINENTAL ContiIceContact 2 KD 235/50R19 103T XL FR шипПроизводитель: CONTINENTALМодель: ICE CONTACT 2Сезон: зима (с шипами)Типоразмер: 235/50R19]]>  </text>
</doc>
