<?xml version="1.0" ?>
<doc href="https://www.ozon.ru/context/detail/id/140322962/">
  <title>Масло моторное ZIC X7 Diesel, синтетическое, класс вязкости 5W-30, API SL/CF, 6 л. 172610</title>
  <category href="/category/avtomobilnye-motornye-masla-34118/">Автомобильные моторные масла</category>
  <price>1 799 ₽</price>
  <text>
<![CDATA[Описание  Синтетическое моторное масло для дизельных и бензиновых двигателей легковых автомобилей и легкого коммерческого транспорта (микроавтобус, фургон), в том числе оборудованных системами турбонаддува.ДОПУСКИVW 502.00 / 505.00MB 229.3Renault-Nissan RN 0710Opel GM-LL-A-025, GM-LL-B-025СООТВЕТСТВУЕТAPI CF / SLACEA A3/B3, A3/B4КАК МЫ ПОМОГАЕМ ВАШЕМУ ДВИГАТЕЛЮ• Обеспечивает надежную смазку узлов двигателя, в том числе при длительной работе в режимах максимальных скоростей и нагрузок.• Обладает высокими моющими и диспергирующими свойствами.• Повышенный запас ресурса за счет высокой термоокислительной стабильности синтетической основы.КАЧЕСТВОИзготовлено на основе собственного синтетического базового масла Yubase и сбалансированного пакета современных присадок. ВНИМАНИЕ! Дата производства масла ZIC указана на упаковке в формате ГГ.ММ.ДД. (вторая строка под кодом). Первые две цифры - год выпуска. В коде также содержится дата выпуска, инструкция по расшифровке содержится на оборотной стороне канистры.  Показать полностью]]>  </text>
</doc>
