<?xml version="1.0" ?>
<doc href="https://www.ozon.ru/context/detail/id/139962630/">
  <title>Масло моторное Liqui Moly &quot;Synthoil High Tech&quot;, синтетическое, 5W-40, 4 л</title>
  <category href="/category/avtomobilnye-motornye-masla-34118/">Автомобильные моторные масла</category>
  <price>3 989 ₽</price>
  <text>
<![CDATA[Описание  Масло моторное Liqui Moly "Synthoil High Tech" - 100% синтетическое  универсальное моторное масло на базе полиальфаолефинов (ПАО) для  большинства автомобилей, для которых требования к маслам опираются на  международные классификации API и ACEA. За счет оптимальной вязкости  масло надежно защищает форсированные многоклапанные двигатели.  Использование современных, полностью синтетических базовых масел (ПАО)  и передовых технологий в области разработок присадок гарантирует низкую  вязкость масла при низких температурах, высокую надежность масляной  пленки. Моторные масла линейки Synthoil предотвращают образование  отложений в двигателе, снижают трение и надежно защищают от износа.   Особенности:  - Быстрое поступление масла ко всем деталям двигателя при низких  температурах. - Высокая смазывающая способность. - Замечательная термоокислительная стабильность и устойчивость к  старению. - Оптимальная чистота двигателя. - Протестировано и совместимо с катализаторами и турбонаддувом. - Высокая стабильность при высоких температурах. - Очень низкий расход масла. Допуск:  -API: CF/SM. -ACEA: A3/B4.]]>  </text>
</doc>
