<?xml version="1.0" ?>
<doc href="https://www.ozon.ru/context/detail/id/142629379/">
  <title>Моторное масло ЛУКОЙЛ ДИЗЕЛЬ М-10Г2к, 18 л</title>
  <category href="/category/avtomobilnye-motornye-masla-34118/">Автомобильные моторные масла</category>
  <price>1 862 ₽</price>
  <text>
<![CDATA[Описание  ЛУКОЙЛ ДИЗЕЛЬ М-8Г2к и М-10Г2к – улучшенные сезонные минеральные моторные масла, разработанные соответственно для зимней и летней эксплуатации автотракторных дизелей без наддува или с невысоким наддувом. ЛУКОЙЛ ДИЗЕЛЬ М-8Г2к и М-10Г2к отличаются от линейки ЛУКОЙЛ ДИЗЕЛЬ М-8Г2 и М-10Г2 более эффективной композицией присадок, что обеспечивает увеличенные интервалы смены масла.    Соответствует требованиям:  API CC  ОАО "Автодизель" (ЯМЗ)   ЛУКОЙЛ ДИЗЕЛЬ М-8Г2к и М-10Г2к предназначены для смазывания высокофорсированных автотракторных дизелей без наддува или с невысоким наддувом. Масла успешно применяются в двигателях автомобилей КАМАЗ, ЗИЛ, автобусах "Икарус" и других. ЛУКОЙЛ ДИЗЕЛЬ М-10Г2к также можно применять для смазывания высокооборотных стационарных дизелей и дизель-генераторов.   - Высокая термоокислительная стабильность.  - Отличная защита от коррозии.  - Обеспечение чистоты деталей двигателя в процессе эксплуатации.  - Предотвращают образование высокотемпературных отложений на рабочих поверхностях деталей двигателя.  - Высокая антиокислительная стабильность.  - Снижение износа деталей.  - Возможность увеличения интервала замены по сравнению с моторными маслами М8Г2 и М10 Г2 и маслами, соответствующими API CC.    Товар сертифицирован.  Показать полностью]]>  </text>
</doc>
