<?xml version="1.0" ?>
<doc href="https://www.ozon.ru/context/detail/id/140564885/">
  <title>Масло моторное Shell Helix HX7 Diesel, 550040506, полусинтетическое, 10W-40, 1 л</title>
  <category href="/category/avtomobilnye-motornye-masla-34118/">Автомобильные моторные масла</category>
  <price>412 ₽</price>
  <text>
<![CDATA[Описание  Моторное масло Shell Helix HX7 Diesel 10w40 на основе современных синтетических технологий, обеспечивающее длительный срок службы и  высокую эффективность двигателя. Продукт характеризуется превосходными моющими свойствами, отличной антиокислительной  стабильностью, а также устойчивостью к сдвиговым нагрузкам.  Helix HX7 Diesel минимизирует шум и вибрацию двигателя, способствует достижению максимальных эксплуатационных возможностей легкового  автомобиля. Масло подходит для дизельных автомобильных моторов с турбонаддувом, а также системами впрыска топлива и рециркуляции  отработавших газов. Продукт применяется в двигателях легких грузовиков и легковых автомобилей в любых условиях эксплуатации. Допуски: MB 229.3, Renault RN0710, VW 505.00.  Проверить оригинальность:  http://www.ac.shell.com]]>  </text>
</doc>
