<?xml version="1.0" ?>
<doc href="https://www.ozon.ru/context/detail/id/140372016/">
  <title>Масло моторное Mobil Delvac MX Extra, синтетическое, 10W-40, 4 л</title>
  <category href="/category/avtomobilnye-motornye-masla-34118/">Автомобильные моторные масла</category>
  <price>1 460 ₽</price>
  <text>
<![CDATA[Описание  Mobil Delvac (ТМ) MX Extra 10W-40 - моторное масло с очень высокими эксплуатационными свойствам,  созданное на основе высококачественных базовых масел и сбалансированного пакета  присадок, обеспечивающих отличное смазывание, поддержание чистоты деталей и,  соответственно, продление срока службы современных дизельных и бензиновых двигателей,  работающих в тяжелых условиях, при этом: - обеспечивается чистота деталей двигателей и продлевает срок его службы,  - обеспечивается пониженный износ подшипников,  - уменьшается образование отложений и увеличивает срок службы масла, - обеспечивается быстрый пуск двигателя и уменьшение износа при работе в условиях  холодного климата.   Соответствует или превосходит требования:  - ACEA E7,  - Caterpillar ECF-2,  - Cummins CES 20077/20076.   Имеет одобрения производителей:  - MB-Approval 228.3 / 235.28- Mack EO-M PLUS/EO-N- Volvo VDS-3- MAN M3275-1- Renault Trucks RLD-2- MTU Oil Category 2- Voith Retarder Oil Class В- Kamaz Euro-3,-4 & -5 engines- Avtodisel YaMZ-6-12.   Рекомендовано к применению также для требований:  - ASEA B2/A2,  - Cummins 20072/20071,  - Detroit 7SE270 (4-Stroke Cycle),  - Renault Trucks RLD,  - Volvo VDS-2.  Товар сертифицирован.  Проверить оригинальность:  https://original.mobil.ru/  Показать полностью]]>  </text>
</doc>
