<?xml version="1.0" ?>
<doc href="https://www.ozon.ru/context/detail/id/150614604/">
  <title>Моторное масло RAVENOL Super Fuel Economy SFE SAE 5W-20 ( 1 л)</title>
  <category href="/category/avtomobilnye-motornye-masla-34118/">Автомобильные моторные масла</category>
  <price>1 060 ₽</price>
  <text>
<![CDATA[Описание  Полностью cинтетическое низкозольное легкотекучее моторное масло с запатентованной технологией Clean-Synto для легковых бензиновых и дизельных двигателей с и без турбонадува и прямым впрском топлива,]]>  </text>
</doc>
