<?xml version="1.0" ?>
<doc href="https://www.ozon.ru/context/detail/id/140893148/">
  <title>Моторное масло MANNOL &quot;7723 O.E.M.&quot;, для Land Rover и Jaguar, 5W-30, синтетическое, 1 л</title>
  <category href="/category/avtomobilnye-motornye-masla-34118/">Автомобильные моторные масла</category>
  <price>551 ₽</price>
  <text>
<![CDATA[Описание  Моторное масло MANNOL "7723 O.E.M." - синтетическое моторное масло нового поколения, рекомендованное для бензиновых и дизельных двигателей автомобилей LAND ROVER и JAGUAR. Гарантирует максимальную мощность двигателя и способствует снижению расхода топлива. Благодаря низкому содержанию фосфора оптимизирует работу трехкомпонентного катализатора, предотвращая его засорение. Продлевает максимальный срок службы противосажевого дизельного фильтра (DPF). Обеспечивает защиту от износа при холодном запуске.  Продукт имеет допуски / соответствует спецификациям / продуктам: SAE 5W-30 ACEA C1/C2 LAND ROVER/JAGUAR ST JLR.03.5005 FORD WSS-M2C934-B]]>  </text>
</doc>
