<?xml version="1.0" ?>
<doc href="https://www.ozon.ru/context/detail/id/147279115/">
  <title>Моторное масло Eni i-Sint Tech F, синтетическое, 5W30, ACEA A5/B5, 4 л</title>
  <category href="/category/avtomobilnye-motornye-masla-34118/">Автомобильные моторные масла</category>
  <price>1 957 ₽</price>
  <text>
<![CDATA[Описание  Еni i-Sint tech F 5W-30 это новейшее синтетическое моторное масло с высокими топливосберегающими свойствами. Продукт производится с использованием высококачественного синтетического базового масла и самого современного высокотехнологичного пакета присадок. ACEA A5/B5   FORD WSS-M2С-913С   FORD WSS-M2C-912A  FORD WSS-M2C-913A  FORD WSS-M2C-913B]]>  </text>
</doc>
