<?xml version="1.0" ?>
<doc href="https://www.ozon.ru/context/detail/id/148526581/">
  <title>Моторное масло Hi-Gear, полусинтетическое, 10W-40, HG1110, 1 л</title>
  <category href="/category/avtomobilnye-motornye-masla-34118/">Автомобильные моторные масла</category>
  <price>340 ₽</price>
  <text>
<![CDATA[Описание  Полусинтетическое моторное масло HG 10W-40 применяется для автомобильных бензиновых двигателей, в том числе с турбонаддувом,  и большинства дизельных двигателей без сажевых фильтров.HG 10W-40 изготовлено из базовых масел отличающихся особой стабильностью служебных ‎свойств и отличными смазочными характеристиками, обеспечивающими высокую защиту двигателя от износа и минимальные потери энергии на трение в любых режимах работы на ‎протяжении всего срока службы масла.Пакет присадок подобран с учётом специфики эксплуатации в тяжёлых условиях, в том числе при ‎использовании топлива нестабильного качества.]]>  </text>
</doc>
