<?xml version="1.0" ?>
<doc href="https://www.ozon.ru/context/detail/id/150614590/">
  <title>Моторное масло RAVENOL FES SAE 0W-30 (4л)</title>
  <category href="/category/avtomobilnye-motornye-masla-34118/">Автомобильные моторные масла</category>
  <price>3 681 ₽</price>
  <text>
<![CDATA[Описание  RAVENOL FES SAE 0W-30 полностью синтетическое легкотекучее моторное масло со средним содержанием зольности mid SAPS, изготовленное с применением технологии CleanSynto® для легковых бензиновых и дизельных двигателей с и без турбонадува и прямым впрыском топлива. Минимизирует трение, износ, позволяет экономить топливо, вследствие чего уменьшается эмиссия вредных веществ в атмосферу. Удлиненные интервалы замены согласно требованиям автопроизводителей.RAVENOL FES SAE 0W-30 содержит комплекс присадок с пониженным содержанием золы, подходит для применения в бензиновых и дизельных двигателях современных легковых автомобилей, обладает хорошими свойствами при «холодном» пуске, низким расходом масла, а также сниженным вредным воздействием на окружающую среду. Увеличивает срок службы DPF фильтров и трех компонентных катализаторов TCW. HTHS > 2,9 mPa.s. Позволяет экономить топливо при использовании в бензиновых и дизельных двигателях BMW, PSA, FIAT, IVECO и JaguarLandRover.RAVENOL FES SAE 0W-30 имеет высокий индекс вязкости благодаря специальной рецептуре. мгновенное смазывание всех критических узлов и деталей двигателя на стадии «холодного пуска». ACEA C2.]]>  </text>
</doc>
