<?xml version="1.0" ?>
<doc href="https://www.ozon.ru/context/detail/id/150614644/">
  <title>Моторное масло RAVENOL Super Synthetik Oel SSL SAE 0W-40 ( 4л)</title>
  <category href="/category/avtomobilnye-motornye-masla-34118/">Автомобильные моторные масла</category>
  <price>4 227 ₽</price>
  <text>
<![CDATA[Описание  Полностью cинтетическое легкотекучее моторное масло с запатентованной технологией Clean-Synto для легковых бензиновых и дизельных двигателей с и без турбонадува и прямым впрском топлива,]]>  </text>
</doc>
