<?xml version="1.0" ?>
<doc href="https://www.ozon.ru/context/detail/id/147612548/">
  <title>Масло моторное Toyota Motor Oil, синтетическое, 0W-20, SN, 1 л</title>
  <category href="/category/avtomobilnye-motornye-masla-34118/">Автомобильные моторные масла</category>
  <price>985 ₽</price>
  <text>
<![CDATA[Описание  Энергосберегающее и легко текучее масло разработано бензиновых двигателей. Обеспечит экономию топлива, за счет снижения потерь мощности двигателя при трении. Обеспечивает отличную защиту двигателя от износа и отложений на деталях двигателя. При постоянном использовании масло снизит расход топлива за счет минимизации потерь мощности на трении. Антикоррозийные свойства позволяют продлить срок службы мотора. Облегчает запуск холодного двигателя при низких температурах.]]>  </text>
</doc>
