<?xml version="1.0" ?>
<doc href="https://www.ozon.ru/context/detail/id/140564892/">
  <title>Моторное масло Shell Helix HX8 Synthetic, синтетическое, 5W-30, 1 л</title>
  <category href="/category/avtomobilnye-motornye-masla-34118/">Автомобильные моторные масла</category>
  <price>600 ₽</price>
  <text>
<![CDATA[Описание  Это полностью синтетическое масло надежно защищает мотор от износа, продлевая срок его службы. HX8 Synthetic 5W-30 помогает снизить  расход топлива и уровень токсичности выхлопных газов. Этот смазочный материал может применяться в бензиновых, газовых и дизельных двигателях легковых автомобилях (без сажевых фильтров).  Также он используется в ДВС, работающих на смеси бензина и этанола или биодизеле. HX8 Synthetic 5W-30 удаляет загрязнения, которые образовались при использовании некачественных моторных масел. Допуски и одобрения  MB-Approval 229.3, Renault RN0700, Renault RN0710, VW 502.00, VW 505.00  Проверить оригинальность:  http://www.ac.shell.com]]>  </text>
</doc>
