<?xml version="1.0" ?>
<doc href="https://www.ozon.ru/context/detail/id/140541195/">
  <title>Моторное масло Elf &quot;Evolution. 700 STI&quot;, 10W-40, 1 л</title>
  <category href="/category/avtomobilnye-motornye-masla-34118/">Автомобильные моторные масла</category>
  <price>439 ₽</price>
  <text>
<![CDATA[Описание  Высококачественное полусинтетическое моторное масло нового поколения. Разработано специально для бензиновых и дизельных двигателей  легковых автомобилей и оптимизировано для соответствия требованиям новой технологии прямого впрыска. Превосходные вязкостно- температурные характеристики масла демонстрируют отличные защитные свойства при высоких температурах.  Одобрения и спецификации ACEA A3/B4 API SN/CF VOLKSVAGEN: VW 501.01 / 505.00 MERCEDES BENZ: MB-Approval 229.1 RENAULT RN0700/0710]]>  </text>
</doc>
