<?xml version="1.0" ?>
<doc href="https://www.ozon.ru/context/detail/id/144331041/">
  <title>Масло моторное ENEOS &quot;Premium Touring&quot;, синтетическое, 5W-40, 4 л</title>
  <category href="/category/avtomobilnye-motornye-masla-34118/">Автомобильные моторные масла</category>
  <price>2 001 ₽</price>
  <text>
<![CDATA[Описание  Масло моторное ENEOS "Premium Touring" - ультрасовременное полностью синтетическое моторное масло для бензиновых двигателей, разработанное с использованием собственных технологий JX NIPON OIL & ENERGY, Япония. Обеспечивает надежную защиту современных двигателей.]]>  </text>
</doc>
