<?xml version="1.0" ?>
<doc href="https://www.ozon.ru/context/detail/id/150614646/">
  <title>Моторное масло RAVENOL SVE Standard Viscosity Ester Oil SAE 5W-30 (1л)</title>
  <category href="/category/avtomobilnye-motornye-masla-34118/">Автомобильные моторные масла</category>
  <price>792 ₽</price>
  <text>
<![CDATA[Описание  Полусинтетическое моторное масло для автомобилей с пробегом более 100 000 км]]>  </text>
</doc>
