<?xml version="1.0" ?>
<doc href="https://www.ozon.ru/context/detail/id/149463114/">
  <title>Моторное масло Elf Evolution 700 Td 10W40 (Sn), полусинтетическое, 1 л</title>
  <category href="/category/avtomobilnye-motornye-masla-34118/">Автомобильные моторные масла</category>
  <price>371 ₽</price>
  <text>
<![CDATA[Описание  Высокоэффективное моторное масло, изготовленное по синтетической технологии. Специально разработано для дизельных двигателей.]]>  </text>
</doc>
