<?xml version="1.0" ?>
<doc href="https://www.ozon.ru/context/detail/id/141242611/">
  <title>Масло моторное Mercedes-Benz &quot;MB 229.3&quot;, синтетическое, класс вязкости 5W-40, 1 л</title>
  <category href="/category/avtomobilnye-motornye-masla-34118/">Автомобильные моторные масла</category>
  <price>746 ₽</price>
  <text>
<![CDATA[Описание  Предназначено для современных многоклапанных двигателей с гидрокомпенсаторами бензиновых и дизельных двигателей (включая турбированные) легковых автомобилей, микроавтобусов и джипов производства Mercedes.]]>  </text>
</doc>
