<?xml version="1.0" ?>
<doc href="https://www.ozon.ru/context/detail/id/139962570/">
  <title>Масло моторное Liqui Moly &quot;Special Tec F&quot;, НС-синтетическое, 5W-30, 5 л</title>
  <category href="/category/avtomobilnye-motornye-masla-34118/">Автомобильные моторные масла</category>
  <price>4 239 ₽</price>
  <text>
<![CDATA[Описание  Масло моторное Liqui Moly "Special Tec F" рекомендуется для широкого спектра двигателей Ford, особенно для легкого коммерческого транспорта. Моторное масло на основе НС-синтетической технологии. Оптимально для современных бензиновых и дизельных двигателей, в том числе многоклапапанных, с системой управления фазами газораспределения, турбонаддувом, охлаждением наддувочного воздуха (LLK), фильтром сажевых частиц (DPF).  Благодаря комбинации НС-синтетических базовых масел и самых современных присадок моторные масла Special Tec F обеспечивают исключительную защиту от износа, снижение расхода топлива и стабильное быстрое поступление масла ко всем деталям двигателя. Удовлетворяет требованиям новейшей спецификации Ford WSS-M2C913-D.  Особенности:  - Быстрое поступление масла ко всем деталям двигателя при низких температурах - Высочайшие показатели топливной экономии - Замечательные смазывающие свойства - Хорошая стабильность к старению и окислению - Оптимальная чистота двигателя - Совместимо с катализаторами  Допуск:  -ACEA: A5/B5 -Ford: WSS-M2C913-D  Соответствие:  -Fiat: 9.55535-G1 -Ford: WSS-M2C913-A/WSS-M2C913-B/WSS-M2C913-C]]>  </text>
</doc>
