<?xml version="1.0" ?>
<doc href="https://www.ozon.ru/context/detail/id/149463103/">
  <title>Моторное масло Elf Evolution 700 Sti 10W40 (Sn), полусинтетическое, 4 л</title>
  <category href="/category/avtomobilnye-motornye-masla-34118/">Автомобильные моторные масла</category>
  <price>1 179 ₽</price>
  <text>
<![CDATA[Описание  Высококачественное полусинтетическое моторное масло для бензиновых и дизельных двигателей. Рекомендуется для всех легковых автомобилей и для легких фургонов. Соответствует требованиям новой технологии прямого впрыска с Common Rail и без него. Подходит для самых экстремальных условий вождения.]]>  </text>
</doc>
