<?xml version="1.0" ?>
<doc href="https://www.ozon.ru/context/detail/id/140322982/">
  <title>Масло моторное ZIC X9 FE 5W-30 / XQ FE 5W-30  , синтетическое, класс вязкости 5W-30, 1 л. 132906</title>
  <category href="/category/avtomobilnye-motornye-masla-34118/">Автомобильные моторные масла</category>
  <price>567 ₽</price>
  <text>
<![CDATA[Описание  Полностью синтетическое моторное масло для бензиновых и дизельных двигателей легковых автомобилей, для которых рекомендуются масла с повышенной топливной экономичностью.Изготовлено на основе собственного синтетического базового масла Yubase+ и современного пакета присадок, обеспечивающих увеличенный ресурс, стабильность свойств и повышенную топливную экономичность (более 2,5% относительно эталонного масла).ДОПУСКИAPI SL/CFСООТВЕТСТВУЕТACEA A1/B1, A5/B5Ford WSS-M2C913-C/DJaguar-Land Rover STJLR 03.5003КАК МЫ ПОМОГАЕМ ВАШЕМУ ДВИГАТЕЛЮ• Обеспечивает легкий запуск и надежную смазку холодного двигателя с первых секунд его работы.• Гарантирует надежную защиту двигателя даже в условиях повышенных скоростей и нагрузок.• Предотвращает образование отложений в двигателе, нагара на стенках цилиндров и поршней, минимизирует расход масла на испаряемость.КАЧЕСТВОИзготовлено на основе собственного синтетического базового масла Yubase+ и современного пакета присадок, обеспечивающих увеличенный ресурс, стабильность свойств и повышенную топливную экономичность (более 2,5% относительно эталонного масла).ВНИМАНИЕ! Дата производства масла ZIC указана на упаковке в формате ГГ.ММ.ДД. (вторая строка под кодом). Первые две цифры - год выпуска. В коде также содержится дата выпуска, инструкция по расшифровке содержится на оборотной стороне канистры.  Показать полностью]]>  </text>
</doc>
