<?xml version="1.0" ?>
<doc href="https://www.ozon.ru/context/detail/id/143933486/">
  <title>Масло моторное Mobil 1 FS 5W-30 4 л.</title>
  <category href="/category/avtomobilnye-motornye-masla-34118/">Автомобильные моторные масла</category>
  <price>2 813 ₽</price>
  <text>
<![CDATA[Описание  Mobil 1 (ТМ) FS 5W-30 - защита двигателя при увеличенном интервале замены масла.  Полностью синтетическое моторное масло Mobil 1 (TM)  FS 5W-30 обеспечивает отличную защиту при высоких температурах на протяжении  всего межсервисного интервала. Предназначено для применения в двигателях легковых автомобилей Volkswagen, Audi, Skoda, Mercedes Benz и  других марок.  Особенности:  - превосходная защита двигателя за счет предотвращения накопления вредных отложений;  - улучшенная защита от последствий использования топлива нестабильного качества; - защита двигателя от износа и смазывание в течение всего интервала замены масла. Масло Mobil 1 FS 5W-30 превосходит следующие требования или соответствует им:  ACEA A3/B3, A3/B4  Требованиям к испытаниям двигателей по API SN  Масло Mobil 1 FS 5W-30 имеет следующие одобрения производителей оборудования:  Одобрение MB 229.5  Одобрение MB 229.3  VW 502 00  VW 505 00 Проверить оригинальность:  https://original.mobil.ru/]]>  </text>
</doc>
