<?xml version="1.0" ?>
<doc href="https://www.ozon.ru/context/detail/id/150614631/">
  <title>Моторное масло RAVENOL RSS Racing Sport Synto SAE 10W-60 (1л)</title>
  <category href="/category/avtomobilnye-motornye-masla-34118/">Автомобильные моторные масла</category>
  <price>1 587 ₽</price>
  <text>
<![CDATA[Описание  Полностью синтетическое легкотекучее моторное масло для современных бензиновых двигателей. Специально разработано для автогонок, также при тяжелых нагрузках.]]>  </text>
</doc>
