<?xml version="1.0" ?>
<doc href="https://www.ozon.ru/context/detail/id/140893162/">
  <title>Масло моторное MANNOL &quot;Energy Formula JP&quot;, 5W-30, синтетическое, 4 л</title>
  <category href="/category/avtomobilnye-motornye-masla-34118/">Автомобильные моторные масла</category>
  <price>1 309 ₽</price>
  <text>
<![CDATA[Описание  Моторное масло MANNOL "Energy Formula JP" - универсальное моторное масло предназначенное для двигателей японских, корейских и американских легковых автомобилей, минивэнов, внедорожников, SUV и микроавтобусов. Разработано специально для двигателей с системами непосредственного впрыска (GDI, D-4D, NEO-DI), с турбонаддувом, а также с различными механизмами изменения фаз газораспределения (DOHC, VVT-i, VTC, CVVT, VTEC, VVL, VVTL-i, MIVEC и др). Обладает высокими антиокислительными свойствами и превосходными моюще-диспергирующими характеристиками, что предупреждает образование отложений на деталях двигателя. Современный пакет присадок гарантирует прочную смазочную пленку в самых жестких условиях эксплуатации. Обеспечивает легкий пуск двигателя при низких температурах. Допуски и соответствия ILSAC GF-5, GM dexos 1.  Вязкость при -30°C: 5420 CP.  Вязкость при 100°C: 11,4 CSt. Вязкость при 40°C: 67,2 CSt. Индекс вязкости: 164. Плотность при 15°C: 850 kg/m3. Температура вспышки COC: 224 °C. Температура застывания: -42 °C. Щелочное число: 8,12 gKOH/kg. Товар сертифицирован.]]>  </text>
</doc>
