<?xml version="1.0" ?>
<doc href="https://www.ozon.ru/context/detail/id/140183694/">
  <title>Масло моторное Castrol &quot;Magnatec&quot;, синтетическое, класс вязкости 5W-30, AP, 4 л</title>
  <category href="/category/avtomobilnye-motornye-masla-34118/">Автомобильные моторные масла</category>
  <price>2 019 ₽</price>
  <text>
<![CDATA[Описание  До 75% износа двигателя происходит во время его пуска и прогрева. Когда двигатель выключен, обычное масло стекает в поддон картера,  оставляя важнейшие детали двигателя незащищенными. Молекулы Castrol "Magnatec" подобно магниту притягиваются к деталям двигателя и  образуют сверхпрочную масляную пленку, обеспечивающую дополнительную защиту двигателя в период пуска, когда риск возникновения износа  существенно возрастает. Всесезонное полностью синтетическое моторное масло Castrol "Magnatec" разработано специально для двигателей  японских и корейских автопроизводителей. Моторное масло Castrol "Magnatec" подходит для применения в бензиновых двигателях, в которых производитель рекомендует использовать  смазочные материалы соответствующие классу вязкости SAE 5W-30 и спецификациям API SN, ILSAC GF-5 или более ранним. Молекулы Castrol Magnatec Intelligent Molecules: - удерживаются на важнейших деталях двигателя, когда обычное масло стекает в поддон картера; - притягиваются к деталям двигателя, образуя устойчивый защитный слой, сохраняющийся с первой секунды работы двигателя вплоть до  следующего пуска; - сцепляются с металлическими поверхностями деталей двигателя, делая их более устойчивыми к изнашиванию; - в сочетании с синтетической технологией обеспечивают повышенную защиту при высоко- и низкотемпературных режимах работы двигателя; - обеспечивают постоянную защиту в любых условиях эксплуатации, при различных стилях вождения и в широком диапазоне температур. Castrol "Magnatec" проявляет отличные эксплуатационные характеристики в экстремальных условиях холодного пуска. Спецификации. API SN, ILSAC GF-5. Товар сертифицирован.  Показать полностью]]>  </text>
</doc>
