<?xml version="1.0" ?>
<doc href="https://www.ozon.ru/context/detail/id/140579301/">
  <title>Масло моторное Motul &quot;Specific 504 00-507 00 VW&quot;, синтетическое, 5W-30, 1 л</title>
  <category href="/category/avtomobilnye-motornye-masla-34118/">Автомобильные моторные масла</category>
  <price>1 144 ₽</price>
  <text>
<![CDATA[Описание  Моторное масло для бензиновых и дизельных двигателей Volkswagen. 100% синтетическое.  Специально разработано для новых автомобилей группы VAG (VW, Audi, Skoda, Seat), оснащенных двигателями, соответствующими требованиям нормы Евро IV и Евро V (сниженное содержание серы, фосфора, сулфатированной золы). Motul Specific 504.00 - 507.00 5W30 может использоваться во всех двигателях, требующих использования масла, соответствующего нормам VW, предшествующих 502 00, 505 00, 505 01, 503 00, 503 01, 506 00, 506 01.  Интервалы замены масла остаются фиксированными (15 000 км) для всех автомобилей, в которых предусмотрено использование масла отвечающего требованиям норм VW 502 00, 505 00, 505 01 в том числе и для автомобилей, в которых используется Motul Specific 504.00 - 507.00 5W-30.  При возникновении сомнений в правильности выбора моторного масла ознакомьтесь с руководством пользователя.  Внимание: Для Touareg R5 и V10 TDI, выпущенных с мая 2003 по май 2007 использовать только Motul Specific 506.01 - 506.00 - 503 00 0W-30.]]>  </text>
</doc>
