<?xml version="1.0" ?>
<doc href="https://www.ozon.ru/context/detail/id/150872623/">
  <title>Моторное масло Mobil Delvac MX Extra, 10W-40, 20 л</title>
  <category href="/category/avtomobilnye-motornye-masla-34118/">Автомобильные моторные масла</category>
  <price>5 749 ₽</price>
  <text>
<![CDATA[Описание  Mobil Delvac MX Extra 10W-40 - моторное масло с очень высокими эксплуатационными свойствами, обеспечивающее отличное смазывание, поддержание чистоты деталей и, соответственно, продление срока службы современных дизельных и бензиновых двигателей, работающих в тяжелых условиях. Как результат, это масло рекомендуется компанией ExxonMobil для двигателей европейских, японских и американских производителей. Mobil Delvac MX Extra 10W-40 разработано с применением смеси базовых масел, произведенных при помощи передовой технологии, и сбалансированной системы присадок для достижения требуемой окислительной стабильности, диспергирующих и противоизносных свойств, которые дополняются превосходной способностью снижать образование отложений на поршнях и уменьшать шламообразование, что содействует увеличению срока службы двигателя. Превосходные вязкостно-температурные характеристики этого всесезонного масла гарантируют его отличные пусковые свойства и прокачиваемость при низкой температуре.]]>  </text>
</doc>
