<?xml version="1.0" ?>
<doc href="https://www.ozon.ru/context/detail/id/140322958/">
  <title>Масло моторное ZIC &quot;X5000&quot;, полусинтетическое, класс вязкости 10W-40, 6 л. 172658</title>
  <category href="/category/avtomobilnye-motornye-masla-34118/">Автомобильные моторные масла</category>
  <price>1 519 ₽</price>
  <text>
<![CDATA[Описание  Полусинтетическое моторное масло для дизельных двигателей коммерческого транспорта (грузовые автомобили и автобусы) и строительной техники, в том числе, оборудованных системами турбонаддува.Изготовлено с использованием собственного синтетического базового масла Yubase и сбалансированного пакета присадок. ДОПУСКИMB-Approval 228.3MAN 3275-1Volvo VDS-3Scania LDFMACK EO-NCummins 20072 / 20077Detroit Diesel 93K215MTU Cat 2JASO DH-1СООТВЕТСТВУЕТAPI CI-4 / SLACEA E7 (E5, E3)КАК МЫ ПОМОГАЕМ ВАШЕМУ ДВИГАТЕЛЮ• Надежно защищает двигатель.• Минимизирует образование шлама и сажи в двигателе благодаря высокой термоокислительной стабильности.• Минимизирует расход масла благодаря низкой испаряемости.ВНИМАНИЕ! Дата производства масла ZIC указана на упаковке в формате ГГ.ММ.ДД. (вторая строка под кодом). Первые две цифры - год выпуска. В коде также содержится дата выпуска, инструкция по расшифровке содержится на оборотной стороне канистры.  Показать полностью]]>  </text>
</doc>
