<?xml version="1.0" ?>
<doc href="https://www.ozon.ru/context/detail/id/140579270/">
  <title>Масло моторное Motul &quot;8100 X-Clean&quot;, синтетическое, 5W-40, 5 л</title>
  <category href="/category/avtomobilnye-motornye-masla-34118/">Автомобильные моторные масла</category>
  <price>4 171 ₽</price>
  <text>
<![CDATA[Описание  Моторное масло для бензиновых и дизельных двигателей стандарта Евро IV и Евро V. 100% синтетическое.  Высокотехнологичное 100% синтетическое моторное масло одобренное многими производителями техники.  Специально разработано для бензиновых и дизельных двигателей автомобилей последнего поколения оснащенных турбо-наддувом и непосредственным впрыском, двигателей отвечающих требованиям норм Евро IV и Евро V и требующих использования в них масла стандарта ACEA C3: масла с высокой вязкостью HTHS (более 3.5 mPa/s), сниженным содержанием сульфатной золы (0,8%), фосфора (0.07%-0.09%), серы (0.3%) - "Mid SAPS". Совместимо с каталитическими конверторами и сажевыми фильтрами (DPF).  Перед применением необходимо ознакомиться с руководством по эксплуатации автомобиля.  ACEA Стандарты: ACEA C3 API Стандарты: API SN Одобрения: BMW LL-04; FORD WSS M2C 917A; MB-Approval 229.51; VW 502 00 / 505 00 / 505 01; PORSCHE A40; Renault RN0710 / 0700; GM-OPEL dexos2 - License number: GB2B0325011]]>  </text>
</doc>
