<?xml version="1.0" ?>
<doc href="https://www.ozon.ru/context/detail/id/142954410/">
  <title>Масло моторное Gazpromneft &quot;Premium C3&quot;, 5W-30, API SN, ACEA C3, синтетическое, 1 л</title>
  <category href="/category/avtomobilnye-motornye-masla-34118/">Автомобильные моторные масла</category>
  <price>424 ₽</price>
  <text>
<![CDATA[Описание  Полностью синтетическое моторное масло Gazpromneft "Premium C3". Предназначено для применения в высокофорсированных бензиновых двигателях, а также в дизельных двигателях легковой техники, оборудованных сажевыми фильтрами (DPF) и системами нейтрализации отработавших газов (TWC). Возможно применение с увеличенным интервалом замены по рекомендации автопроизводителя. Производится по технологии Mid SAPS: с пониженным содержанием серы, фосфора и сульфатной золы. Повышенный срок службы масла за счет улучшенных антиокислительных свойств. Сохраняет чистоту деталей двигателя благодаря наличию высокоэффективных моющих присадок. Оптимальные вязкостно-температурные свойства обеспечивают создание надежной масляной плёнки в узлах трения даже при длительной работе в режимах максимальных скоростей и нагрузок. Низкий расход масла на угар за счет специально подобранного базового масла. Обеспечивает надежную защиту двигателя от износа в жестких условиях городского цикла. Обладает энергосберегающими свойствами, сокращает расход топлива. Обеспечивает эффективную и бесперебойную работу систем нейтрализации отработавших газов. Одобрено: API SN; MB-Approval 229.51; dexos2.  Соответствуют требованиям спецификаций: ACEA C3; BMW LL-04; VW 502 00/505 00/505 01]]>  </text>
</doc>
