<?xml version="1.0" ?>
<doc href="https://www.ozon.ru/product/plast-star-siliconolfrei-kruglogodichnoe-sredstvo-po-uhodu-za-naruzhnym-i-vnutrennim-168256699/">
  <title>PLAST STAR SILICONOLFREI - Круглогодичное средство по уходу за наружным и внутренним пластиком, резиной, шинами автомобиля (1 л)</title>
  <category href="/category/avtokonservanty-30594/">Автоконсерванты</category>
  <price>1 480 ₽</price>
  <text>
<![CDATA[Описание  Круглогодичное средство по уходу за наружным и внутренним пластиком, резиной, шинами автомобиля.  Плёнкообразователь для ухода за наружным пластиком и резиной с длительным эффектом удержания на поверхности. Консервант с приданием устойчивых гидрофобных свойств. Состав удерживается на поверхности пластика до 2-х месяцев (5 6 моек), придавая ей ухоженный вид. Не содержит силиконов. Благодаря специальной системе компонентов для ухода, обработанным деталям возвращается их первоначальный вид. Предотвращает выцветание пластика, а также примерзание дверных уплотнителей. Зимой и в момент сильных осадков рекомендуем использовать состав с силиконом PLAST STAR KUNSTSTOFFTIEFENPFLEGE (108001) для более длительной защиты и устойчивости на обработанной поверхности. Высыхает 5 10 минут.   Области применения Пластмассовые детали, резина автомобиля, уплотнители дверей, автотранспорт, бытовое применение.   Разведение с водой Применять чистым.   Рекомендации по применению Тщательно встряхнуть перед применением, нанести небольшое количество состава на губку (999038). Равномерно втереть в поверхность. Автошины следует обрабатывать движениями в две стороны (по часовой и против часовой стрелки) для поднятия ворса резины и глубокого вычищения, а также глубокой пропитки ворса.   Предупреждения! Не использовать на колёсных дисках, беговых поверхностях шины, мотоциклетных и велосипедных шинах!]]>  </text>
</doc>
