<?xml version="1.0" ?>
<doc href="https://www.ozon.ru/context/detail/id/141361859/">
  <title>Масло моторное Bardahl &quot;ХТС С60&quot;, синтетическое, 5W-40, 1 л</title>
  <category href="/category/avtomobilnye-motornye-masla-34118/">Автомобильные моторные масла</category>
  <price>1 119 ₽</price>
  <text>
<![CDATA[Описание  Формула продукта содержит полностью синтетические компоненты, которые позволяют добиться отличной устойчивости к термической деградации и сохраняют стабильность масляной пленки даже в самых тяжелых условиях эксплуатации. Это позволяет продлить интервал замены масла до максимального, разрешенного производителем. Уникальные свойства масла позволяют эффективно защищать двигатель сразу после момента запуска, даже при низкой температуре, значительно повышают энергетическую эффективность. XTC C60 5W-40 с высоким индексом вязкости HTHS помогает значительно экономить топливо. Благодаря эффективности формулы Bardahl Polar Plus - Fullerene C60, XTC C60 позволяет, с одной стороны, значительно снизить трение и увеличить производительность, с другой, помогает содержать двигатель в чистоте и увеличить межсервисный интервал.   ACEA A3-B4   API SN-CF OEM MB 229.5 / VW 502.00-505.00, BMW LL-01 / OPEL LL-B-025 / Porsche А40 / Renault RN0700-RN0710]]>  </text>
</doc>
