<?xml version="1.0" ?>
<doc href="https://www.ozon.ru/context/detail/id/140322978/">
  <title>Масло моторное &quot;ZIC&quot; X9, синтетическое, класс вязкости 5W-30, API SL/CF, 1 л. 132903</title>
  <category href="/category/avtomobilnye-motornye-masla-34118/">Автомобильные моторные масла</category>
  <price>616 ₽</price>
  <text>
<![CDATA[Описание  Полностью синтетическое моторное масло для бензиновых и дизельных двигателей легковых автомобилей.Изготовлено на основе собственного синтетического базового масла Yubase+ и современного пакета присадок.ДОПУСКИAPI SL/CFVolkswagen/AUDI/Skoda 502.00/505.00MB-Approval 229.5Renault RN 0700/0710СООТВЕТСТВУЕТACEA A3/B3/B4BMW LL-01Opel GM-LL-B-025КАК МЫ ПОМОГАЕМ ВАШЕМУ ДВИГАТЕЛЮ• Обеспечивает сохранение превосходных эксплуатационных свойств и надежную защиту двигателя даже при увеличенных интервалах замены.• Синтетическая основа обеспечивает низкую испаряемость масла и минимизирует его расход, а также предотвращает образование нагаров и отложений в двигателе.• Широкий температурный диапазон применения.КАЧЕСТВОИзготовлено на основе собственного синтетического базового масла Yubase+ и современного пакета присадок.ВНИМАНИЕ! Дата производства масла ZIC указана на упаковке в формате ГГ.ММ.ДД. (вторая строка под кодом). Первые две цифры - год выпуска. В коде также содержится дата выпуска, инструкция по расшифровке содержится на оборотной стороне канистры.  Показать полностью]]>  </text>
</doc>
