<?xml version="1.0" ?>
<doc href="https://www.ozon.ru/context/detail/id/141242644/">
  <title>Масло моторное &quot;Toyota&quot;, синтетическое, класс вязкости 5W-20, 4 л</title>
  <category href="/category/avtomobilnye-motornye-masla-34118/">Автомобильные моторные масла</category>
  <price>3 750 ₽</price>
  <text>
<![CDATA[Описание  Моторное масло "Toyota" - это современное оригинальное синтетическое моторное масло. Рекомендуется применять во всех бензиновых двигателях малолитражных автомобилей марки Тойота, выпущенных после 2001 года. Является HC-синтетикой (гидрокрекинг-синтетика), но по своим свойства абсолютно не уступает современной синтетике, а большинстве случаев даже превосходит их.  Моторное масло "Toyota" предназначенное для исключительной защиты двигателя и повышенной экономии топлива. Благодаря высококачественным присадкам, обеспечивает безопасную работу двигателя в различных температурных условиях.  Товар сертифицирован. Уважаемые клиенты! Обращаем ваше внимание на то, что упаковка может иметь несколько видов дизайна. Поставка осуществляется в зависимости от наличия на складе.]]>  </text>
</doc>
