<?xml version="1.0" ?>
<doc href="https://www.ozon.ru/context/detail/id/140564887/">
  <title>Моторное масло Shell Helix HX7 Diesel, полусинтетическое, 10W-40, 4 л</title>
  <category href="/category/avtomobilnye-motornye-masla-34118/">Автомобильные моторные масла</category>
  <price>1 098 ₽</price>
  <text>
<![CDATA[Описание  Моторное масло Shell Helix HX7 10w40 разработано с использованием современной синтетической технологии и особых моющих присадок. Helix HX7 10W-40 эффективно предотвращает образование отложений и загрязнений на поверхностных деталях мотора легкового автомобиля. Среди преимуществ этой модели моторного масла "Шелл": высокая антиокислительная стабильность; минимизация вибрации и шума двигателя; низкая вязкость и быстрая подача масла; повышенная экономия топлива; низкий коэффициент трения; низкая испаряемость и высокая устойчивость к разложению. Helix HX7 подходит для применения в дизельных (без сажевого фильтра) и бензиновых силовых агрегатах легковых автомобилей. Масло также применяется в двигателях, работающих на смеси бензина и этанола или биодизеле.  Уважаемые клиенты! Обращаем ваше внимание на то, что упаковка может иметь несколько видов дизайна. Поставка осуществляется в зависимости от наличия на складе.  Проверить оригинальность:  http://www.ac.shell.com]]>  </text>
</doc>
