<?xml version="1.0" ?>
<doc href="https://www.ozon.ru/context/detail/id/148324590/">
  <title>Моторное масло G-Energy Synthetic Active, 253142410, синтетическое, 5W-40, API SN/CF, ACEA A3/B4, 4 л</title>
  <category href="/category/avtomobilnye-motornye-masla-34118/">Автомобильные моторные масла</category>
  <price>1 291 ₽</price>
  <text>
<![CDATA[Описание  Синтетическое моторное масло на основе базовых компонентов G-Base для бензиновых и дизельных двигателей. Предназначено для эффективной работы и максимальной защиты двигателя при активном использовании автомобиля, включая резкие ускорения, движение как в условиях города, так и в режиме трассы. Отличная защита двигателя при активной манере езды (город/трасса, резкие ускорения в режиме стоп/старт) за счет стабильности масляной пленки. Предотвращает образования отложений при повышенных температурах во всех режимах эксплуатации. Максимально защищает двигатель на высоких оборотах: как при краткосрочных ускорениях, так и при длительном движении на высокой скорости. Эффективно нейтрализует нежелательные продукты сгорания при повышенном потреблении топлива в условиях активной эксплуатации автомобиля. Сохраняет чистоту деталей двигателя благодаря предотвращению образования отложений и высоким моющим свойствам. Одобрения / Соответствия / Уровень свойств: API SN/CF, ACEA A3/B4, MB 229.3, VW 502.00/505.00, Renault 0700/0710, ПАО "АВТОВАЗ"]]>  </text>
</doc>
