<?xml version="1.0" ?>
<doc href="https://www.ozon.ru/context/detail/id/140893192/">
  <title>Масло моторное MANNOL &quot;Special&quot;, 10W-40, полусинтетическое, 4 л</title>
  <category href="/category/avtomobilnye-motornye-masla-34118/">Автомобильные моторные масла</category>
  <price>887 ₽</price>
  <text>
<![CDATA[Описание  Моторное масло Mannol "Special" - всесезонное полусинтетическое моторное масло, разработанное для применения в бензиновых и дизельных двигателях. Обладает высокой стойкостью к старению. Эффективно снижает нагаро- и лакообразование. Обеспечивает надежную смазку деталей двигателя. Содержит малозольный пакет присадок, способствующий продлению рабочего ресурса катализатора дожига отработавших газов. Допуски и соответствия VW 501.01/505.00, MB 229.1.  Вязкость при -25°C: 6420 CP.  Вязкость при 100°C: 13,92 CSt.  Вязкость при 40°C: 95,43 CSt.  Индекс вязкости: 148.  Плотность при 15°C: 860 kg/m3.  Температура вспышки COC: 224 °C.  Температура застывания: -39 °C.  Щелочное число: 6,02 gKOH/kg.  Товар сертифицирован.]]>  </text>
</doc>
