<?xml version="1.0" ?>
<doc href="https://www.ozon.ru/context/detail/id/140322957/">
  <title>Масло моторное ZIC X5 &quot;Diesel&quot;, полусинтетическое, класс вязкости 10W-40, API CI-4, 6 л</title>
  <category href="/category/avtomobilnye-motornye-masla-34118/">Автомобильные моторные масла</category>
  <price>1 562 ₽</price>
  <text>
<![CDATA[Описание  Полусинтетическое моторное масло для дизельных двигателей легковых автомобилей и легкого коммерческого транспорта (микроавтобус, фургон), в том числе оборудованных системами турбонаддува.Изготовлено с использованием собственного синтетического базового масла Yubase и сбалансированного пакета присадок. ДОПУСКИMB 228.3JASO DH-1СООТВЕТСТВУЕТAPI CI-4 / SLACEA E7, A3/B3, A3/B4КАК МЫ ПОМОГАЕМ ВАШЕМУ ДВИГАТЕЛЮ• Обеспечивает надежную смазку узлов двигателя.• Обладает высокими моющими и диспергирующими свойствами.КАЧЕСТВОИзготовлено с использованием собственного синтетического базового масла Yubase и сбалансированного пакета присадок.ВНИМАНИЕ! Дата производства масла ZIC указана на упаковке в формате ГГ.ММ.ДД. (вторая строка под кодом). Первые две цифры - год выпуска. В коде также содержится дата выпуска, инструкция по расшифровке содержится на оборотной стороне канистры.  Показать полностью]]>  </text>
</doc>
