<?xml version="1.0" ?>
<doc href="https://www.ozon.ru/context/detail/id/144371861/">
  <title>Масло моторное IDEMITSU ZEPRO DIESEL FULLY SYNTHETIC, синтетическое, SAE 5W-40, API CF, 4 л</title>
  <category href="/category/avtomobilnye-motornye-masla-34118/">Автомобильные моторные масла</category>
  <price>3 800 ₽</price>
  <text>
<![CDATA[Описание  Полностью синтетическое моторное масло на основе полиальфаолефинов. Специально разработано для дизельных двигателей современных легковых автомобилей, микроавтобусов и легких коммерческих автомобилей, в том числе с турбонаддувом, эксплуатируемых в очень тяжелых условиях гоночного или внедорожного применения.Объем: 4 литра.]]>  </text>
</doc>
