<?xml version="1.0" ?>
<doc href="https://www.ozon.ru/context/detail/id/140372044/">
  <title>Моторное масло Mobil Super 3000 X1 Formula FE 5W-30, 1 л</title>
  <category href="/category/avtomobilnye-motornye-masla-34118/">Автомобильные моторные масла</category>
  <price>550 ₽</price>
  <text>
<![CDATA[Описание  Mobil Super (ТМ) 3000 X1 Formula FE 5W-30 - синтетическое моторное масло, обеспечивающее длительный  срок службы двигателей в автомобилях различных типов и годов выпуска, а также повышенный  уровень их защиты в широком диапазоне температур.  Особенности: - Надежная защита при повышенных температурах; - Улучшенные смазывающие свойства при холодном пуске; - Хорошая чистота двигателя и защита от образований отложений и шлама; - Защита двигателя от износа.   Сертификации и одобрения:  - ACEA: A5/B5 A1/B1,  - Ford WSS-M2C913-C / Ford WSS-M2C913-D,  - Jaguar Land Rover STJLR..03.5003.  Товар сертифицирован. Уважаемые клиенты!Обращаем ваше внимание на возможные изменения в дизайне упаковки. Качественные характеристики товара остаются неизменными. Поставка осуществляется в зависимости от наличия на складе.Проверить оригинальность:  Показать полностью]]>  </text>
</doc>
