<?xml version="1.0" ?>
<doc href="https://www.ozon.ru/context/detail/id/148526584/">
  <title>Моторное масло Hi-Gear, полусинтетическое, 5W-30, HG1134, 4 л</title>
  <category href="/category/avtomobilnye-motornye-masla-34118/">Автомобильные моторные масла</category>
  <price>1 050 ₽</price>
  <text>
<![CDATA[Описание  Полусинтетическое моторное масло HG 5W-30 применяется для автомобильных бензиновых ‎двигателей, в том числе с турбонаддувом, и большинства дизельных двигателей без сажевых ‎фильтров.HG 5W-30 изготовлено из базовых масел отличающихся особой стабильностью служебных свойств ‎и отличными смазочными характеристиками, обеспечивающими высокую защиту двигателя от ‎износа и минимальные потери энергии на трение в любых режимах работы на протяжении всего ‎срока службы масла.Пакет присадок подобран с учётом специфики эксплуатации в тяжёлых условиях, в том числе при ‎использовании топлива нестабильного качества.Масла 5W-30 рекомендуются большинством автопроизводителей для использования в двигателях ‎без износа. Благодаря пониженной вязкости, обладает энергосберегающими свойствами.]]>  </text>
</doc>
