<?xml version="1.0" ?>
<doc href="https://www.ozon.ru/context/detail/id/140372021/">
  <title>Масло моторное Mobil 1 FS 0W-40 4 л.</title>
  <category href="/category/avtomobilnye-motornye-masla-34118/">Автомобильные моторные масла</category>
  <price>3 006 ₽</price>
  <text>
<![CDATA[Описание  Обновленная формула Mobil 1 (ТМ) FS 0W-40 - защита двигателя при  увеличенном интервале замены масла. Полностью синтетическое моторное масло Mobil 1 FS 0W-40 разработано  для новейших  бензиновых и дизельных двигателей (без дизельных сажевых фильтров).   Особенности:  - Соответствует последним требованиям автопроизводителей и отраслевых  стандартов,  или превосходит их; - Обеспечивает отличные эксплуатационные характеристики; - Защищает двигатель при пуске в низкотемпературных условиях; - Обеспечивает высокую экономию топлива за счет улучшенных  фрикционных свойств; - Обеспечивает быструю защиту, что предотвращает износ двигателя и  образование  отложений даже в экстремальных условиях вождения; - Исключительно эффективно очищает загрязненные двигатели.   Сертификации и одобрения:  - ACEA: A3/B3, A3/B4, - MB 229.3, - MB 229.5, - VW 502 00/505 00, - PORSCHE A40, - VW 503 01". Товар сертифицирован. Проверить оригинальность:  https://original.mobil.ru/  Показать полностью]]>  </text>
</doc>
