<?xml version="1.0" ?>
<doc href="https://www.ozon.ru/context/detail/id/140372013/">
  <title>Масло моторное Mobil 1  0W-20 4 л.</title>
  <category href="/category/avtomobilnye-motornye-masla-34118/">Автомобильные моторные масла</category>
  <price>3 178 ₽</price>
  <text>
<![CDATA[Описание  Mobil 1 (ТМ) 0W-20 - двигатель работает как новый. Mobil 1 0W-20 - полностью синтетическое моторное масло с улучшенными эксплуатационными характеристиками, предназначенное для  обеспечения исключительной защиты двигателя и улучшенной экономии топлива. Особенности:  Помогает замедлить образование отложений и шлама, обеспечивая длительный срок  службы и чистоту двигателя. Обеспечивает быстрый запуск двигателя и моментальную защиту при пуске в холодную  погоду, помогает продлить срок службы двигателя. Обеспечивает низкий расход масла. Способствуют повышению эффективности двигателя и улучшенной экономии топлива.    Сертификации и одобрения:  -ILSAC GF-5.  -Ford WSS-M2C947-A.  -General Motors - для замены масла при ТО - Dexos1 (номер лицензии GB1D0415015).  -General Motors - GM 6094M".   BR>  Уважаемые клиенты!Обращаем ваше внимание на возможные изменения в  дизайне упаковки. Качественные характеристики товара остаются неизменными. Поставка  осуществляется в зависимости от наличия на складе.  Товар сертифицирован. Проверить оригинальность:  https://original.mobil.ru/  Показать полностью]]>  </text>
</doc>
