<?xml version="1.0" ?>
<doc href="https://www.ozon.ru/context/detail/id/147279085/">
  <title>Моторное масло Eni i-Sint EUROSPORTS, 5W50, API SL, 4 л</title>
  <category href="/category/avtomobilnye-motornye-masla-34118/">Автомобильные моторные масла</category>
  <price>2 389 ₽</price>
  <text>
<![CDATA[Описание  Eni Eurosport 5W-50 - полностью синтетическое моторное масло, разработанное на основе синтетических базовых масел (полиальфаолефинов) для бензиновых и дизельных двигателей, эксплуатируемых в тяжелых условиях (высокая мощность двигателя, частые остановки, длительная езда по шоссе).  Уважаемые клиенты! Обращаем ваше внимание на возможные изменения в дизайне упаковки. Качественные характеристики товара остаются неизменными. Поставка осуществляется в зависимости от наличия на складе.]]>  </text>
</doc>
