<?xml version="1.0" ?>
<doc href="https://www.ozon.ru/context/detail/id/149463106/">
  <title>Моторное масло Elf Evolution 900 Sxr 5W30, синтетическое, 1 л</title>
  <category href="/category/avtomobilnye-motornye-masla-34118/">Автомобильные моторные масла</category>
  <price>575 ₽</price>
  <text>
<![CDATA[Описание  Высококачественное моторное масло для всех бензиновых и дизельных двигателей, изготовленное по синтетической технологии. Способствует снижению расхода топлива. Рекомендуется для легковых автомобилей и для легких фургонов. Адаптирован ко всем условимв вождения, в том числе к наиболее суровым. Подходит для всех стилей вождения, особенно, для "динамичного" и высокоростного]]>  </text>
</doc>
