<?xml version="1.0" ?>
<doc href="https://www.ozon.ru/context/detail/id/143933491/">
  <title>Масло моторное Mobil 1 ESP x2 0W-20 1 л.</title>
  <category href="/category/avtomobilnye-motornye-masla-34118/">Автомобильные моторные масла</category>
  <price>940 ₽</price>
  <text>
<![CDATA[Описание  Mobil 1ESP x2 0W-20 - защита системы очистки выхлопных газов и экономия топлива. Mobil 1 (ТМ) ESP x2 0W-20 - полностью синтетическое моторное масло, разработанное для продления срока службы и поддержания  эффективности систем снижения токсичности выхлопных газов новых европейских автомобилей с дизельными и бензиновыми  двигателями, в которых требуется применение масел класса вязкости SAE 0W-20. Особенности: - обеспечивает отличную термическую и окислительную стабильность; - обеспечивает выдающиеся показатели чистоты двигателя и снижения образования отложений; - обеспечивает отличную защиту при высоких температурах на протяжении всего срока службы масла; - обеспечивает быстрый выход на рабочий режим в условиях пониженной температуры. Сертификации и одобрения: - ACEA A1 / B1; - ACEA C5; - Volkswagen  508 00 / 509 00; - Porsche C20; - MB-Approval 229.71; - Mercedes-Benz Approval MB-Approval 229.71; - Jaguar Land Rover  STJLR.51.5122.Проверить оригинальность:  https://original.mobil.ru/]]>  </text>
</doc>
