<?xml version="1.0" ?>
<doc href="https://www.ozon.ru/context/detail/id/150872620/">
  <title>Моторное масло Mobil Super 3000 x1 Formula FE, синтетическое, 5W-30, 20 л</title>
  <category href="/category/avtomobilnye-motornye-masla-34118/">Автомобильные моторные масла</category>
  <price>8 957 ₽</price>
  <text>
<![CDATA[Описание  Mobil Super 3000 X1 5W-30 представляет собой синтетическое моторное масло, обеспечивающее длительный срок службы двигателей в автомобилях различных типов и годов выпуска, а также повышенный уровень их защиты в широком диапазоне температур.]]>  </text>
</doc>
