<?xml version="1.0" ?>
<doc href="https://www.ozon.ru/context/detail/id/140541193/">
  <title>Моторное масло Elf &quot;Evolution. Full-Tech Fe&quot;, 5W-30 5л.</title>
  <category href="/category/avtomobilnye-motornye-masla-34118/">Автомобильные моторные масла</category>
  <price>3 245 ₽</price>
  <text>
<![CDATA[Описание  Высококачественное топливосберегающее моторное масло, изготавливаемое по синтетической технологии ELF, предназначенное для  применения в двигателях легковых автомобилей, оборудованных системами каталитического дожига выхлопных газов и сажевым фильтром.  Обеспечивает прекрасную защиту всех узлов и агрегатов двигателя от износа.  Одобрения и спецификации ACEA: С4, уровень свойств С3 RENAULT Diesel с сажевым фильтром (кроме 2.2 dCi) RN 0720]]>  </text>
</doc>
