<?xml version="1.0" ?>
<doc href="https://www.ozon.ru/product/shima-detailer-zashchita-i-konservant-dvigatelya-motor-super-shine-500-ml-170706857/">
  <title>SHIMA DETAILER, Защита и консервант двигателя MOTOR SUPER SHINE, 500 мл</title>
  <category href="/category/avtokonservanty-30594/">Автоконсерванты</category>
  <price>1 317 ₽</price>
  <text>
<![CDATA[Описание  Консервант для моторов и других агрегатов, покрывает поверхность тонкой невидимой пленкой, предотвращая ржавчину и отталкивая пыль и грязь. После нанесения оставляет защитную оболочку, придавая ухоженный вид металлу, пластику и патрубкам. Подкапотное пространство приобретает вид нового автомобиля с супер блеском. Делает более эластичными пересушенные оплетки электрической проводки. Перед нанесением состава подкапотное пространство необходимо помыть очистителем SHIMA DETAILER MOTOR CLEANER. На высушенный двигатель нанести состав на все части моторного отсека с помощью триггера/распрыскивателя. Подождать 15 или 20 минут. Затем протереть  полотенцем из микро фибры, излишки состава и при необходимости продуть воздухом. 500 мл.]]>  </text>
</doc>
