<?xml version="1.0" ?>
<doc href="https://www.ozon.ru/context/detail/id/139962633/">
  <title>Масло моторное Liqui Moly &quot;Synthoil Longtime&quot;, синтетическое, 0W-30, 4 л</title>
  <category href="/category/avtomobilnye-motornye-masla-34118/">Автомобильные моторные масла</category>
  <price>5 019 ₽</price>
  <text>
<![CDATA[Описание  Масло моторное Liqui Moly "Synthoil Longtime" - 100% синтетическое универсальное моторное масло на базе полиальфаолефинов (ПАО) для большинства автомобилей, для которых требования к маслам опираются на международные классификации API и ACEA. Класс вязкости 0W-30 моторного масла на ПАО-базе оптимален для эксплуатации в холодных условиях, обеспечивая уверенный пуск двигателя даже в сильный мороз и высокий уровень энергосбережения (и экономии топлива).  Особенности:  - Отличные пусковые свойства в мороз - Быстрое поступление масла ко всем деталям двигателя при низких температурах - Высокие показатели по экономии топлива - Высокая смазывающая способность - Замечательная термоокислительная стабильность и устойчивость к старению - Оптимальная чистота двигателя - Протестировано и совместимо с катализаторами и турбонаддувом - Высокая стабильность при высоких температурах - Очень низкий расход масла  Допуск:  -API: CF/SM -ACEA: A3/B4  Соответствие:  -BMW: Longlife-98 -MB: 229.3 -VW: 502 00/505 00  Показать полностью]]>  </text>
</doc>
