<?xml version="1.0" ?>
<doc href="https://www.ozon.ru/context/detail/id/140690133/">
  <title>Моторное масло Total &quot;Quartz Ineo ECS 5w-30&quot;, 4 л</title>
  <category href="/category/avtomobilnye-motornye-masla-34118/">Автомобильные моторные масла</category>
  <price>1 854 ₽</price>
  <text>
<![CDATA[Описание  Моторное масло нового поколения с пониженной сульфатной зольностью и низким содержанием  фосфора и серы, специально разработанное для двигателей PEUGEOT и CITROEN. Это  высокотехнологичное масло позволяет экономить топливо и оптимизирует функционирование  систем контроля над выпуском загрязняющих веществ в атмосферу, например, дизельных  сажевых фильтров. Одобрения QUARTZ INEO ECS - это единственный смазочный материал с  пониженной сульфатной зольностью и низким содержанием фосфора и серы, рекомендуемый  изготовителями Peugeot и Citroen: одобрение PSA PEUGEOT & CITROEN B71 2290. Соответствует  техническим требованиям TOYOTA.]]>  </text>
</doc>
