<?xml version="1.0" ?>
<doc href="https://www.ozon.ru/context/detail/id/140372032/">
  <title>Масло моторное Mobil 1 0W40, 4 л. 152081</title>
  <category href="/category/avtomobilnye-motornye-masla-34118/">Автомобильные моторные масла</category>
  <price>3 364 ₽</price>
  <text>
<![CDATA[Описание  Полностью синтетическое моторное масло с улучшенными эксплуатационными характеристиками.  Полностью синтетическое моторное масло Mobil 1 0W-40 European Car Formula (Северная Америка) или Protection Formula (другие географические регионы мира) разработано для новейших бензиновых и дизельных двигателей (без дизельных сажевых фильтров) и демонстрирует отличные эксплуатационные свойства. Оно обеспечивает исключительную эффективность очистки, защиты от износа и другие важные эксплуатационные качества. С маслом Mobil 1 0W-40 двигатель работает как новый в любых условиях вождения. Проверить оригинальность:  https://original.mobil.ru/]]>  </text>
</doc>
