<?xml version="1.0" ?>
<doc href="https://www.ozon.ru/context/detail/id/149463122/">
  <title>Моторное масло Total Quartz 9000 Energy 5W40, синтетическое, 1 л</title>
  <category href="/category/avtomobilnye-motornye-masla-34118/">Автомобильные моторные масла</category>
  <price>547 ₽</price>
  <text>
<![CDATA[Описание  TOTAL QUARTZ 9000 ENERGY 5W-40 - высококачественное моторное масло, производимое по синтетической технологии TOTAL, для бензиновых и дизельных двигателей легковых автомобилей.]]>  </text>
</doc>
