<?xml version="1.0" ?>
<doc href="https://www.ozon.ru/context/detail/id/147279083/">
  <title>Моторное масло Eni i-Sint FE, синтетическое, 5W30, API SN/CF, ACEA C2, ACEA A5/B5</title>
  <category href="/category/avtomobilnye-motornye-masla-34118/">Автомобильные моторные масла</category>
  <price>2 701 ₽</price>
  <text>
<![CDATA[Описание  Eni i-Sint FE 5W-30 — это полностью синтетическое высокотехнологичное моторное масло для бензиновых и дизельных двигателей автомобилей последнего поколения. Масло разработано с применением новейших технологий и отличается улучшенной топливной экономичностью по сравнению с другими продуктами класса SAE 5W-30.]]>  </text>
</doc>
