<?xml version="1.0" ?>
<doc href="https://www.ozon.ru/context/detail/id/144503315/">
  <title>Присадка профилактическая TRIBOGREEN &quot;ЭПИЛАМ Трибоконцентрат&quot; -  для масел ДВС легковые, 40гр</title>
  <category href="/category/avtomobilnye-motornye-masla-34118/">Автомобильные моторные масла</category>
  <price>1 837 ₽</price>
  <text>
<![CDATA[Описание  Присадка профилактическая TRIBOGREEN «ЭПИЛАМ Трибоконцентрат» для масел ДВС легковые, 40гр, ТУ 2412-002-13868195-2012]]>  </text>
</doc>
