<?xml version="1.0" ?>
<doc href="https://www.ozon.ru/context/detail/id/147279105/">
  <title>Моторное масло Eni i-Sint, синтетическое, 5W40, API SN/CF, ACEA A3/B4, 4 л</title>
  <category href="/category/avtomobilnye-motornye-masla-34118/">Автомобильные моторные масла</category>
  <price>1 979 ₽</price>
  <text>
<![CDATA[Описание  Eni i-Sint 5W-40 высококачественное синтетическое моторное масло последнего поколения, отвечающее новейшим требованиям автопроизводителей. Масло предназначено для всех типов бензиновых и дизельных двигателей. Eni i-Sint 5W-40 обеспечивает необходимую вязкость и смазку в любой точке двигателя даже при крайне тяжелых условиях эксплуатации.]]>  </text>
</doc>
