<?xml version="1.0" ?>
<doc href="https://www.ozon.ru/context/detail/id/139962564/">
  <title>Масло моторное Liqui Moly &quot;Special Tec AA&quot;, НС-синтетическое, 5W-30, 4 л</title>
  <category href="/category/avtomobilnye-motornye-masla-34118/">Автомобильные моторные масла</category>
  <price>3 219 ₽</price>
  <text>
<![CDATA[Описание  Масло моторное Liqui Moly "Special Tec AA" рекомендуется для автомобилей Honda, Mazda, Mitsubishi, Nissan, Daihatsu, Hyundai, Kia, Isuzu, Suzuki,  Toyota, Subaru, Ford, Chrysler, GM.  Современное HC-синтетическое энергосберегающее моторное масло специально разработано для всесезонного использования в  большинстве двигателей современных американских и азиатских бензиновых автомобилей.  Базовые масла, полученные по технологии синтеза, и новейшие присадки составляют рецептуру моторного масла с отменной защитой от  износа, снижающего расход топлива и масла, обеспечивающего чистоту двигателя и максимально быстрое поступление к трущимся деталям.   Особенности:  - Быстрое поступление масла ко всем деталям двигателя при низких температурах - Высочайшие показатели топливной экономии - Сокращает эмиссию выхлопных газов - Отличная чистота двигателя - Совместимо с новейшими системами нейтрализации отработавших газов бензиновых двигателей - Высокая защита от износа и надежность смазывания - Очень низкие потери масла на испарение  Моторное масло Special Tec АА 5W-30 соответствует специальным требованиям азиатских и американских производителей, поэтому его  использование позволяет сохранить все гарантийные условия при прохождении ТО соответствующих автомобилей.  Допуск:  -API: SN  -ILSAC: GF-5  Соответствие:  -API: CF  -Chrysler: MS-6395  -Ford: WSS-M2C 946-A  -GM: GM  -Daihatsu: Daihatsu  -Honda: Honda  -Hyundai: Hyundai  -Kia: Kia  -Isuzu: Isuzu  -Mazda: Mazda  -Mitsubishi: Mitsubishi  -Nissan: Nissan  -Suzuki: Suzuki  -Toyota: Toyota  -Subaru: Subaru   Показать полностью]]>  </text>
</doc>
