<?xml version="1.0" ?>
<doc href="https://www.ozon.ru/context/detail/id/141361880/">
  <title>Масло моторное Bardahl &quot;XTS&quot;, синтетическое, 5W-30, 5 л</title>
  <category href="/category/avtomobilnye-motornye-masla-34118/">Автомобильные моторные масла</category>
  <price>2 759 ₽</price>
  <text>
<![CDATA[Описание  Высококачественное 100% синтетическое масло Low SAPS. Разработанное, чтобы увеличить продолжительность жизни и поддержания эффективности систем снижения токсичности выхлопа, на бензиновых и дизельных автомобилей. Bardahl XTS 5W-30 можно использовать в любом бензиновом и дизельном двигателе, соответствующем спецификации PSA B71 2312.   ACEA C2 OEM PSA B71 2312]]>  </text>
</doc>
