<?xml version="1.0" ?>
<doc href="https://www.ozon.ru/context/detail/id/150614602/">
  <title>Моторное масло RAVENOL FEL SAE 5W-30 ( 1 л)</title>
  <category href="/category/avtomobilnye-motornye-masla-34118/">Автомобильные моторные масла</category>
  <price>868 ₽</price>
  <text>
<![CDATA[Описание  Полностью cинтетическое низкозольное легкотекучее моторное масло с запатентованной технологией Clean-Synto для легковых бензиновых и дизельных двигателей с и без турбонадува и прямым впрыском топлива,Для двигателей как с DPF так и TCW. Удлиненные интервалы замены. Поддерживает нормы ЕВРО-4, ЕВРО-5 для отработанных газов. HTHS >2,6 mPa*s (cP)]]>  </text>
</doc>
