<?xml version="1.0" ?>
<doc href="https://www.ozon.ru/product/kley-dlya-plastika-mannol-9904-epoxy-plastic-174630277/">
  <title>Клей для пластика MANNOL 9904 Epoxy-Plastic</title>
  <category href="/category/avtokonservanty-30594/">Автоконсерванты</category>
  <price>355 ₽</price>
  <text>
<![CDATA[Описание  MANNOL Epoxy-Plastic – двухкомпонентный клей предназначен для быстрого и сверхпрочного склеивания всех типов пластиковых деталей: бамперов, фар, спойлеров и т.п. При комнатной температуре смесь застывает в течение 5 минут. Через 30 минут происходит структурирование герметика на 80 %. Полное затвердевание наступает через 2-3 часа. Обладает стойкостью к ударам. Благодаря прозрачно-матовой консистенции этот продукт применим для косметического ремонта, а также для заполнения трещин и пустот, ошибочно просверленных отверстий и т.п. Выдавить из тюбика необходимое количество двух компонентов, смешать. Затем нанести на сухие обезжиренные поверхности, которые необходимо склеить, и плотно прижать их друг к другу с максимальной силой. Хранить в плотно закрытой оригинальной упаковке в сухом помещении при температурах от +5 °C до +25 °С.]]>  </text>
</doc>
