<?xml version="1.0" ?>
<doc href="https://www.ozon.ru/context/detail/id/140183695/">
  <title>Масло моторное Castrol &quot;Magnatec DUALOCK&quot;, полусинтетическое, класс вязкости 10W-40, A3/B4, 1 л</title>
  <category href="/category/avtomobilnye-motornye-masla-34118/">Автомобильные моторные масла</category>
  <price>525 ₽</price>
  <text>
<![CDATA[Описание  Castrol Magnatec 10W-40 А3/В4  СПЕЦИФИКАЦИИ    ACEA A3/B3, A3/B4     API SN    Meets FIAT 9.55535-D2     MB-Approval 226.5     Renault RN 0700 / RN 0710    VW 501 01 / 505 00                                                                                                                         ТИППолусинтетическое                                                                                                              Создано новое поколение уникальных молекул DUALOCK, которые обеспечивают непрерывную защиту двигателя при каждом его пуске.Количество дорожных “пробок” значительно возросло. Современный водитель может останавливаться и начинать движение до 18 000¹ раз в год - такие условия эксплуатации повышают интенсивность изнашивания вашего двигателя.Моторное масло Castrol MAGNATEC создано с использованием новейшей технологии DUALOCK, основанной на применении уникальных молекул нового поколения, которые притягиваются к деталям двигателя и обладают прочными межмолекулярными связями.                           ПРЕИМУЩЕСТВА:Данные преимущества позволяют:-формировать прочный защитный смазочный слой между парами трения;-значительно (до 50%) снижать износ деталей двигателя при его прогреве² и работе в режиме “стоп-старт”³;-достигать особого уровня защиты, который обеспечивается благодаря уникальной технологии, разработанной специально для современных условий эксплуатации.Непрерывная защита деталей двигателя при каждом его пуске и дальнейшей работе.¹ Усредненные данные из 50 городов, полученные на основании исследования Castrol MAGNATEC STOP-START Index 2014.² На основании предельных значений теста на износ Sequence IVA отраслевого стандарта API SN.³ На основании предельных значений теста на износ CEC OM646LA отраслевых стандартов ACEA.Проверить оригинальность:  https://www.castrol-original.ru/checking  Показать полностью]]>  </text>
</doc>
