<?xml version="1.0" ?>
<doc href="https://www.ozon.ru/context/detail/id/150614390/">
  <title>Моторное масло RAVENOL FDS SAE 5W-30</title>
  <category href="/category/avtomobilnye-motornye-masla-34118/">Автомобильные моторные масла</category>
  <price>927 ₽</price>
  <text>
<![CDATA[Описание  Полностью синтетическое ПАО масло для легковых автомобилей Ford, Honda, Hyundai, Jaguar, KIA, LandRover, Nissan, Renault, Toyota, Mazda, Mitsubishi и других, требующих применение энергосберегающих масел.]]>  </text>
</doc>
