<?xml version="1.0" ?>
<doc href="https://www.ozon.ru/context/detail/id/147279087/">
  <title>Моторное масло Eni i-Sint Sport, синтетическое, 10W60, API SL, 4 л</title>
  <category href="/category/avtomobilnye-motornye-masla-34118/">Автомобильные моторные масла</category>
  <price>2 241 ₽</price>
  <text>
<![CDATA[Описание  Eni Sport 10W-60 (прежнее наименование — Agip Racing 10w-60) принадлежит к моторным маслам последнего поколения и специально разработано для удовлетворения спроса на продукт с исключительно высокими эксплуатационными свойствами. Это полностью синтетическое моторное масло, специально разработанное для защиты различных типов мощных (в том числе спортивных) бензиновых двигателей, эксплуатируемых в крайне тяжелых условиях (авторалли, экстремальное вождение, бездорожье, пустыни).]]>  </text>
</doc>
