<?xml version="1.0" ?>
<doc href="https://www.ozon.ru/context/detail/id/141242544/">
  <title>Моторное масло &quot;FORD&quot;, API SN, класс вязкости 5W-20, 1 л</title>
  <category href="/category/avtomobilnye-motornye-masla-34118/">Автомобильные моторные масла</category>
  <price>581 ₽</price>
  <text>
<![CDATA[Описание  Продукт имеет допуски, соответствует спецификациям: SAE 5W-30 API SN Описание: Высококачественное, всесезонное энергосберегающее моторное масло для бензиновых двигателей Ford. Обладает прекрасными низкотемпературными характеристиками и высокими антиокислительными свойствами. Обеспечивает легкий запуск и надежную работу двигателя.  Рекомендуется для малолитражных автомобилей и малонагруженных двигателей после 2001 года выпуска.  Рекомендации по замене: каждые 8 тыс. км. Заливается в большинство новых автомобилей Ford.]]>  </text>
</doc>
