<?xml version="1.0" ?>
<doc href="https://www.ozon.ru/context/detail/id/150614589/">
  <title>Моторное масло RAVENOL HDX SAE 5W-30 (1л)</title>
  <category href="/category/avtomobilnye-motornye-masla-34118/">Автомобильные моторные масла</category>
  <price>694 ₽</price>
  <text>
<![CDATA[Описание  RAVENOL HDX SAE 5W-30 - синтетическое легкотекучее моторное масло, изготовленное с применением технологии CleanSynto® для бензиновых двигателей с и без турбонадува, двигатели GDI с прямым (непосредственным) впрыском топлива.RAVENOL HDX SAE 5W-30 cнижает трение, уменьшает износ и расход топлива и обеспечивает отличные свойства при «холодном» пуске.Благодаря новой рецептуре RAVENOL HDX SAE 5W-30 обеспечивает прочную масляную пленку даже при очень высоких рабочих температурах и защищает от коррозии, а также от потерь масла на испарении (окисление) и коксования. Обеспечивает оптимальные смазочные свойства при «холодном» пуске.Благодаря значительному снижению расхода топлива RAVENOL HDX SAE 5W-30 20 способствует защите окружающей среды путем сокращения в нее вредных выбросов.Увеличенные интервалы замены согласно рекомендациям автопроизводителя.Область применения:RAVENOL HDX SAE 5W-30 является легкотекучим моторным маслом для самых требовательных двигателей. Применяется для современных двигателей легковых автомобилей OPEL и GENERAL MOTORS в соответствии с требованиями спецификации dexos1 и рекомендуется к применению при любых условиях эксплуатации.RAVENOL HDX SAE 5W-30 может применяться в соответствии с требованиями спецификаций для Ford, Chrysler и Fiat.]]>  </text>
</doc>
