<?xml version="1.0" ?>
<doc href="https://www.ozon.ru/context/detail/id/139962607/">
  <title>Масло моторное Liqui Moly &quot;Optimal Diesel&quot;, полусинтетическое, 10W-40, 4 л</title>
  <category href="/category/avtomobilnye-motornye-masla-34118/">Автомобильные моторные масла</category>
  <price>2 379 ₽</price>
  <text>
<![CDATA[Описание  Масло моторное Liqui Moly "Optimal Diesel" - это полусинтетическое моторное масло специально для дизельных двигателей с адаптированным для российских условий пакетом присадок. Удовлетворяет современным международным стандартам API/ACEA. Подходит для широкого круга дизельных иномарок предыдущих поколений.  В моторном масле используются синтетические и минеральные базовые компоненты, отличающиеся высокими защитными свойствами. Масло обеспечивает высокий уровень защиты от износа и гарантирует стабильное поступление масла ко всем деталям двигателя.  Особенности:  - Специальная формула для дизельных двигателей без сажевого фильтра - Надежная защита от износа - Низкий расход масла - Оптимальная чистота двигателя]]>  </text>
</doc>
