<?xml version="1.0" ?>
<doc href="https://www.ozon.ru/context/detail/id/140893169/">
  <title>Масло моторное MANNOL &quot;Diesel Turbo&quot;, 5W-40, синтетическое, 1 л</title>
  <category href="/category/avtomobilnye-motornye-masla-34118/">Автомобильные моторные масла</category>
  <price>445 ₽</price>
  <text>
<![CDATA[Описание  Моторное масло Mannol "Diesel Turbo" - всесезонное моторное масло, разработанное для современных высокофорсированных турбодизельных инжекторных двигателей. Обеспечивает высокую прокачиваемость при холодном старте. Обладает оптимальной вязкостью в широком диапазоне температур. Эффективно защищает от износа. Обеспечивает исключительную чистоту деталей двигателя. Применимо также для бензиновых двигателей. Допуски и соответствия ACEA B4/A3, VW 502.00/505.00.  Вязкость при -25°C: 6276 CP. Вязкость при -25°C: 7000 CP. Вязкость при -30°C: 6240 CP. Вязкость при 100°C: 13,53 CSt. Вязкость при 40°C: 80,15 CSt. Индекс вязкости: 172. Плотность при 15°C: 854 kg/m3. Температура вспышки COC: 236 °C. Температура застывания: -42 °C. Щелочное число: 10,06 gKOH/kg. Товар сертифицирован.]]>  </text>
</doc>
