<?xml version="1.0" ?>
<doc href="https://www.ozon.ru/context/detail/id/140893176/">
  <title>Масло моторное MANNOL &quot;Favorit&quot;, 15W-50, полусинтетическое, 4 л</title>
  <category href="/category/avtomobilnye-motornye-masla-34118/">Автомобильные моторные масла</category>
  <price>1 045 ₽</price>
  <text>
<![CDATA[Описание  Моторное масло Mannol "Favorit" - универсальное всесезонное полусинтетическое моторное масло, разработанное для всех типов бензиновых и дизельных двигателей с турбонаддувом и без. Гарантирует надежное смазывание деталей двигателя при экстремальных нагрузках. Предотвращает образование низкотемпературных отложений, обеспечивая оптимальное маслоснабжение деталей двигателя. Содержит малозольный пакет присадок, способствующий продлению рабочего ресурса катализатора дожига отработавших газов. Допуски и соответствия ACEA A3/B3, VW 501.01/505.00. Вязкость при -25°C: 7000 CP.  Вязкость при 100°C: 16,5 CSt. Вязкость при 40°C: 126,4 CSt. Индекс вязкости: 140. Плотность при 15°C: 891 kg/m3. Температура вспышки COC: 224 °C. Температура застывания: -25 °C. Щелочное число: 7,4 gKOH/kg. Товар сертифицирован.]]>  </text>
</doc>
