<?xml version="1.0" ?>
<doc href="https://www.ozon.ru/context/detail/id/141131862/">
  <title>Редукторное масло &quot;Universal 75W-90&quot;, синтетическое, 1 л</title>
  <category href="/category/avtomobilnye-motornye-masla-34118/">Автомобильные моторные масла</category>
  <price>682 ₽</price>
  <text>
<![CDATA[Описание  Castrol Universal 75W-90 – многоцелевое трансмиссионное масло, предназначенное для синхронизированных механических коробок передач, дифференциалов и главных передач, где требуется соответствие классификациям API GL-4 или API GL-5. Уважаемые клиенты! Обращаем ваше внимание на то, что упаковка может иметь несколько видов дизайна. Поставка осуществляется в зависимости от наличия на складе.]]>  </text>
</doc>
