<?xml version="1.0" ?>
<doc href="https://www.ozon.ru/context/detail/id/150614625/">
  <title>Моторное масло RAVENOL FO SAE 5W-30 ( 4 л)</title>
  <category href="/category/avtomobilnye-motornye-masla-34118/">Автомобильные моторные масла</category>
  <price>2 170 ₽</price>
  <text>
<![CDATA[Описание  Полностью cинтетическое низкозольное легкотекучее моторное масло с запатентованной технологией Clean-Synto для легковых бензиновых и дизельных двигателей с и без турбонадува и прямым впрыском топлива,HTHS <3,5 mPa* s (cP)]]>  </text>
</doc>
