<?xml version="1.0" ?>
<doc href="https://www.ozon.ru/context/detail/id/141242624/">
  <title>Моторное масло FORD &quot;Formula F/Fuel Economy HC&quot;, класс вязкости 5W30, 1 л</title>
  <category href="/category/avtomobilnye-motornye-masla-34118/">Автомобильные моторные масла</category>
  <price>526 ₽</price>
  <text>
<![CDATA[Описание  Моторное масло FORD Formula F/Fuel Economy HC SAE 5W-30 обеспечивает: прекрасные смазочные свойства при «холодном» старте для всех компонентов двигателя при низких температурах, обеспечивая низкий износ, и продлевает срок службы двигателя; высокую защиту от износа при экстремальных условиях эксплуатации; высокую термическую стабильность и защиту от окисления, предотвращая старение масла. Продукт снижает расход масла и имеет очень хорошие очищающие свойства, защищающие от образования отложений и образования нагара.]]>  </text>
</doc>
