<?xml version="1.0" ?>
<doc href="https://www.ozon.ru/context/detail/id/150614474/">
  <title>Моторное масло RAVENOL REP Racing Extra Performance SAE 5W-30 (1л)</title>
  <category href="/category/avtomobilnye-motornye-masla-34118/">Автомобильные моторные масла</category>
  <price>1 315 ₽</price>
  <text>
<![CDATA[Описание  RAVENOL REP Racing Extra Performance SAE 5W-30 полностью синтетическое легкотекучее моторное масло. Низкое содержание сульфатной золы, пониженная вязкость HTHS обеспечивают экономию топлива. Уменьшает выброс вредных веществ в атмосферу. Благодаря специальному комплексу присадок, с содержанием вольфрама, RAVENOL REP Racing Extra Performance SAE 5W-30 отлично показывает себя при спортивном режиме эксплуатации. Снижает трение, уменьшает износ и значительно улучшает механическую эффективность. Обеспечивает прочную масляную пленку при очень высоких рабочих температурах. Защищает от износа, коррозии (окисления), пенообразования. RAVENOL REP Racing Extra Performance SAE 5W-30 специально разработано для бензиновых двигателей автомобилей, участвующих в гонках при тяжелых условиях. Протестировано партнерами: Nürburgring, Hockenheim Premium Partner, рекомендовано Ральфом Шумахером (Ralf Schumacher)]]>  </text>
</doc>
