<?xml version="1.0" ?>
<doc href="https://www.ozon.ru/product/protectorwax-konserviruyushchiy-polimer-1l-168256772/">
  <title>PROTECTORWAX - Консервирующий полимер (1л)</title>
  <category href="/category/avtokonservanty-30594/">Автоконсерванты</category>
  <price>1 790 ₽</price>
  <text>
<![CDATA[Описание  Консервирующий полимер премиум класса, pH 4,5.  Зеркальный блеск, эффект водонепроницаемости и интенсивная защита. Инновационный консервирующий полимер премиум класса устанавливает новые стандарты в области обеспечения защиты и стойкости, придания экстремально насыщенного блеска и длительного водоотталкивающего свойства (эффект гидрофобности). При регулярном применении имеет накопительный эффект, что позволяет значительно повысить защитные функции состава и увеличить блеск ЛКП, резиновых, пластмассовых деталей, а также материалов для крыш кабриолетов, таким образом предотвращая потерю сочности цвета. При применении воздуходувного устройства с помощью данного продукта достигаются оптимальные результаты сушки. Специальные вещества обеспечивают фруктовую ароматизацию воздуха. Стойкость состава до 5 6 моек. Накопительный эффект.   Области применения Легковые автомобили, мотоциклы.   Разведение с водой Единственный продукт, который можно хранить в разведённом  состоянии для последующего использования. Пенокомплект: 1:50. Расход: 3 4 а/м. Триггер или накачная помпа: 1:500. Дозирование через инжектор: 0,2 0,4% Для дозирующих насосов на мойках самообслуживания:  10 12 мл/мин или 4 6 мл на один цикл. Расход (1 цикл мойки): 6 мл.   Рекомендации по применению Нанести состав. Спустя 1 минуту смыть потоком воды.  Просушить кузов воздухом или чистым протирочным материалом.]]>  </text>
</doc>
