<?xml version="1.0" ?>
<doc href="https://www.ozon.ru/context/detail/id/140322968/">
  <title>Масло моторное ZIC X7 FE, синтетическое, класс вязкости 0W-30, API SN, 1 л. 132616</title>
  <category href="/category/avtomobilnye-motornye-masla-34118/">Автомобильные моторные масла</category>
  <price>542 ₽</price>
  <text>
<![CDATA[Описание  Синтетическое моторное масло с повышенной топливной экономичностью и превосходными низкотемпературными свойствами для бензиновых и газовых двигателей легковых автомобилей. Также может применяться в 4-тактных двигателях снегоходов при наличии соответствующих рекомендаций.Изготовлено на основе собственного синтетического базового масла Yubase. ДОПУСКИGM dexos1 Gen 2СООТВЕТСТВУЕТAPI SN PLUS, SN-RCILSAC GF-5КАК МЫ ПОМОГАЕМ ВАШЕМУ ДВИГАТЕЛЮ• Гарантирует надежный пуск двигателя и его защиту в условиях низких температур. • Надежно защищает двигатели с прямым впрыском и высокой степенью сжатия (GDI, TFSI и т.п.).• Способствует уменьшению расхода топлива.• Способствует устранению случаев преждевременного воспламенения смеси (LSPI).КАЧЕСТВОИзготовлено на основе собственного синтетического базового масла Yubase.ВНИМАНИЕ! Дата производства масла ZIC указана на упаковке в формате ГГ.ММ.ДД. (вторая строка под кодом). Первые две цифры - год выпуска. В коде также содержится дата выпуска, инструкция по расшифровке содержится на оборотной стороне канистры.  Показать полностью]]>  </text>
</doc>
