<?xml version="1.0" ?>
<doc href="https://www.ozon.ru/context/detail/id/150614628/">
  <title>Моторное масло RAVENOL VDL SAE 5W-40 ( 4 л)</title>
  <category href="/category/avtomobilnye-motornye-masla-34118/">Автомобильные моторные масла</category>
  <price>2 742 ₽</price>
  <text>
<![CDATA[Описание  Полностью cинтетическое легкотекучее моторное масло с запатентованной технологией Clean-Synto для легковых  дизельных двигателей с и без турбонадува и прямым впрыском топлива,]]>  </text>
</doc>
