<?xml version="1.0" ?>
<doc href="https://www.ozon.ru/context/detail/id/143933489/">
  <title>Масло моторное Mobil 1 ESP 0W-30 1 л.</title>
  <category href="/category/avtomobilnye-motornye-masla-34118/">Автомобильные моторные масла</category>
  <price>867 ₽</price>
  <text>
<![CDATA[Описание  Mobil 1 ESP 0W-30 - защита системы очистки выхлопных газов и экономия топлива. Mobil 1 (ТМ) ESP 0W-30 - полностью синтетическое моторное масло, которое разработано экспертами компании для продления срока службы  и поддержания эффективности систем снижения токсичности выхлопных газов автомобилей, оборудованных как дизельными, так и  бензиновыми двигателями.  Особенности: - обеспечивает защиту двигателя при увеличенном интервале замены масла; - обеспечивает низкий расход масла; - способствует экономии топлива; - обеспечивает быстрый запуск двигателя и моментальную защиту при пуске в условиях пониженной температуры.  Сертификации и одобрения: - ACEA C2 / C3; - VW 504 00 / 507 00; - MB 229.31 / 229.51 / 229.52 / 229.52; - Porsche C30.]]>  </text>
</doc>
