<?xml version="1.0" ?>
<doc href="https://www.ozon.ru/context/detail/id/142954443/">
  <title>Масло моторное G-Energy Expert G 10W-40, API SG/CD, полусинтетическое, 4 л</title>
  <category href="/category/avtomobilnye-motornye-masla-34118/">Автомобильные моторные масла</category>
  <price>782 ₽</price>
  <text>
<![CDATA[Описание  Универсальные полусинтетическое моторное масло G-Energy Expert G 10W-40 изготавливается с использованием качественных базовых масел и специально разработанной композиции присадок. Масло обеспечивает хорошие антиокислительные, противоизносные и антикоррозионные свойства. Обладает хорошими моющими свойствами, которые предотвращают процесс образования отложений на внутренних поверхностях деталей двигателя. Повышает эффективность работы двигателя. Поддерживает продукты износа и загрязнения во взвешенном состоянии. Обладает высокой стабильностью к старению и изменению вязкостно-температурных показателей. Не загустевает в процессе работы, обеспечивая хорошую текучесть и циркуляцию. За счет улучшенной совместимости с материалами уплотнений снижает вероятность возникновения утечек масла. За счет стабильной масляной пленки на деталях двигателя и использования высокоэффективных противоизносных присадок обеспечивается максимальный ресурс двигателя.]]>  </text>
</doc>
