<?xml version="1.0" ?>
<doc href="https://www.ozon.ru/context/detail/id/144371875/">
  <title>Масло моторное IDEMITSU ZEPRO EURO SPEC, синтетическое, SAE 5W-40, API SN/CF, 1 л</title>
  <category href="/category/avtomobilnye-motornye-masla-34118/">Автомобильные моторные масла</category>
  <price>730 ₽</price>
  <text>
<![CDATA[Описание  Синтетическое моторное масло для бензиновых и дизельных двигателей легковых автомобилей,  микроавтобусов, внедорожников, в том числе с турбонаддувом.  Данный продукт обладает превосходными смазывающими характеристиками и высокими  моющими, а также нейтрализующими свойствами. Обеспечивает уверенный пуск двигателя при  низких температурах. Продукт предназначен для применения в современных двигателях автомобилей европейского  производства в том числе оборудованных устройствами очистки выхлопных газов DPF.  DPF (Diesel Particular Filter) – это фильтр для снижения выбросов сажи в атмосферу.  Устанавливается в выхлопной системе современных дизельных двигателей. ОДОБРЕНО: API SN/CF; АСЕА А3/В3-10; А3/В4-10 Porsche A40; BMW Longlife-01; MB 229.3; 229.5; VW  502.00/505.00]]>  </text>
</doc>
