<?xml version="1.0" ?>
<doc href="https://www.ozon.ru/context/detail/id/139962710/">
  <title>Масло моторное Liqui Moly &quot;MoS2 Leichtlauf&quot;, полусинтетическое, 10W-40, 1 л</title>
  <category href="/category/avtomobilnye-motornye-masla-34118/">Автомобильные моторные масла</category>
  <price>849 ₽</price>
  <text>
<![CDATA[Описание  Масло моторное Liqui Moly "MoS2 Leichtlauf" - полусинтетическое моторное масло  с добавлением дисульфида молибдена - "визитной карточки" компании Liqui  Moly, эффективность рецептуры которой проверена десятилетиями. Масло  предназначено для бензиновых и дизельных двигателей (в том числе для  турбомоторов) новых автомобилей (без специальных требований к маслу от  автопроизводителей), а также для подержанных автомобилей с большим  пробегом, которые эксплуатируются в жестких условиях.  В моторном масле используются синтетические и минеральные базовые  компоненты, отличающиеся высокими защитными свойствами. Оптимальное  содержание присадок, а также смазывающего материала обеспечивает  отличные смазывающие свойства масла при самых критических нагрузках и  длительных интервалах смены масла.   Особенности:  - Очень высокий уровень защиты от износа - Надежное поступление масла к деталям двигателя во всем диапазоне рабочих  температур - Очень низкий расход масла - Отличная чистота двигателя - Проверено на системах с турбинами, компрессорами и катализаторами   Соответствие: - API: CF/SL - ACEA: A3/B4]]>  </text>
</doc>
