<?xml version="1.0" ?>
<doc href="https://www.ozon.ru/context/detail/id/141361876/">
  <title>Масло моторное Bardahl &quot;XTS&quot;, синтетическое, 0W-40, 1 л</title>
  <category href="/category/avtomobilnye-motornye-masla-34118/">Автомобильные моторные масла</category>
  <price>985 ₽</price>
  <text>
<![CDATA[Описание  Полностью синтетическое моторное масло. Уменьшает трение, устраняет осадок и уменьшает расход топлива. Обладает хорошей общей защитой. Bardahl XTS 5W30 разработано для бензиновых и дизельных двигателей последнего поколения Ford.   ACEA A1/B1 (12) A5/B5 (12)   API SL/CF OEM   Ford WSS-M2C913-D, RN 0700,  Jaguar Land Rover STJR.03.5003]]>  </text>
</doc>
