<?xml version="1.0" ?>
<doc href="https://www.ozon.ru/context/detail/id/140564899/">
  <title>Моторное масло Shell Helix Ultra ECT C3, синтетическое, 5W-30, 1 л</title>
  <category href="/category/avtomobilnye-motornye-masla-34118/">Автомобильные моторные масла</category>
  <price>824 ₽</price>
  <text>
<![CDATA[Описание  Полностью синтетическое масло Shell "Helix Ultra ECT" используется в двигателях, работающих на бензине, дизеле и газе. Оно создано на основе  фирменной технологии "Shell PurePlus". Shell "Helix Ultra ECT" совместимо с современными системами снижения токсичности выхлопов,  обеспечивает дополнительную экономию топлива и защиту от износа, уменьшает трение между элементами двигателя.Моторное масло имеет  вязкость 5W-30. Оно обеспечивает на 30% больше защиты, чем аналоги от других производителей. Его использование позволяет снижать  вибрации и минимизировать шум работающего двигателя.  Допуски и одобрения: - BMW LL-04, - Chrysler MS-11106, - Mercedes-Benz Approval 229.31, - Mercedes-Benz Approval 229.51.  Товар сертифицирован.  Уважаемые клиенты! Обращаем ваше внимание на то, что упаковка может иметь несколько видов дизайна. Поставка осуществляется в  зависимости от наличия на складе.  Проверить оригинальность:  http://www.ac.shell.com]]>  </text>
</doc>
