<?xml version="1.0" ?>
<doc href="https://www.ozon.ru/context/detail/id/140541205/">
  <title>Моторное масло Elf &quot;Evolution. 900 SXR&quot;, 5W-40, 1 л</title>
  <category href="/category/avtomobilnye-motornye-masla-34118/">Автомобильные моторные масла</category>
  <price>590 ₽</price>
  <text>
<![CDATA[Описание  Высококачественное моторное масло для дизельных и бензиновых двигателей легковых автомобилей. Производится на основе синтетической  технологии ELF. Превосходная защита двигателя, особенно системы газораспределения. Гарантирует исключительную чистоту двигателя.  Одобрения и спецификации ACEA A3/B4 API SN/CF RENAULT RN0700, RN0710]]>  </text>
</doc>
