<?xml version="1.0" ?>
<doc href="https://www.ozon.ru/context/detail/id/143933493/">
  <title>Моторное масло Mobil Super 3000 XE, 5W-30, 1 л</title>
  <category href="/category/avtomobilnye-motornye-masla-34118/">Автомобильные моторные масла</category>
  <price>561 ₽</price>
  <text>
<![CDATA[Описание  Mobil Super (ТМ) 3000 XE 5W-30 - синтетическое малозольное моторное масло, разработанное с целью продления срока службы и сохранения эффективности систем снижения выбросов вредных веществ с выхлопными газами автомобилей как с дизельными, так и с бензиновыми двигателями.  • Обеспечивает работу при повышенной температуре без загущения от окисления и без разложения масла • Обеспечивает легкость запуска и быструю циркуляцию масла в двигателе в зимних условиях • Пригодно для применения в бензиновых или дизельных двигателях легковых и малотоннажных грузовых автомобилей  Сертификации и одобрения-ACEA C3-API SMОдобрено:-MB-Approval 229.31 / 229.51 / 229.52-Volkswagen 505 00 / 505 01-General Motors (сервисное обслуживание) dexos2 (license number GB1A0914015)-BMW Longlife 04Уровень качества:-Ford WSS-M2C917-A-API CFПроверить оригинальность:  https://original.mobil.ru/  Показать полностью]]>  </text>
</doc>
