<?xml version="1.0" ?>
<doc href="https://www.ozon.ru/context/detail/id/150108676/">
  <title>Масло моторное STARKRAFT LEO 5w-30 F-FE</title>
  <category href="/category/avtomobilnye-motornye-masla-34118/">Автомобильные моторные масла</category>
  <price>578 ₽</price>
  <text>
<![CDATA[Описание  API SL/CFACEA A5/B5, A1/B1;Ford WSS-M2C913-D;Renault RN0700;Jaguar Land Rover STJLR.03.5003;STARKRAFT LEO 5w-30 F-FE универсальное энергосберегающее синтетическое моторное масло премиум класса уровня Full SAPS. Предназначено для современных легковых автомобилей, лёгких грузовиков и грузовых фургонов.Рекомендуется для использования в самых современных бензиновых и дизельных двигателях, оснащенных турбонаддувом или без него. Гарантирует экономию топлива и низкий выброс вредных веществ в атмосферу. Это моторное масло специально разработано для тех автомобилей, которым необходимы моторные масла, соответствующие последним требованиям OEM-производителей. Полностью обратно совместимо с Ford M2C 913-A, B и C.ПРЕИМУЩЕСТВА:· Обладает великолепными пусковыми и противоизносными свойствами при самых низких температурах и различных стилях вождения.· Надежная смазочная пленка при высоких температурах.· Высокий и стабильный индекс вязкости.· Содержит двигатель в идеальной чистоте, защищает все механические детали двигателя и полностью сохраняет его мощность, благодаря передовым моющим присадкам и диспергирующим добавкам.· Способствует долгосрочной и эффективной эксплуатации двигателей с турбонаддувом при высоких температурах и экстремальных нагрузках.· Экономия топлива благодаря пониженной высокотемпературной вязкости.· Гарантирует низкий выброс вредных веществ в атмосферу.]]>  </text>
</doc>
