<?xml version="1.0" ?>
<doc href="https://www.ozon.ru/context/detail/id/168256717/">
  <title>COCKPIT-SUPER-PFLEGE - Средство для ухода за пластмассовыми поверхностями внутри салона автомобиля (1 л)</title>
  <category href="/category/avtokonservanty-30594/">Автоконсерванты</category>
  <price>1 260 ₽</price>
  <text>
<![CDATA[Описание  Средство для ухода за пластмассовыми поверхностями внутри салона автомобиля  Поверхностно очищает пластик и придаёт ему глубокий насыщенный вид, защищает от УФ выгорания. Обладает 3D эффектом  выделения структуры пластика. С запахом свежести. Имеет 100% закрепление на поверхности. Эффективен для структурных, жестких поверхностей пластика (Opel, Ford, Kia, Nissan). Препятствует возникновению новых глубоких загрязнений и оседанию пыли, сохраняет ухоженный вид.   Области применения Автотранспорт, коммерческий транспорт, бытовое применение.   Разведение с водой Применять чистым.   Рекомендации по применению Небольшое количество состава нанести на губку или распылить на поверхность, растереть губкой или невпитывающей микрофибровой салфеткой. При комплексной уборке салона наносить состав на пластик перед очисткой стёкол. При обработке только внутреннего пластика не распылять возле стекла, а наносить салфеткой или губкой.]]>  </text>
</doc>
