<?xml version="1.0" ?>
<doc href="https://www.ozon.ru/context/detail/id/141361887/">
  <title>Масло моторное Bardahl &quot;XTEC&quot;, синтетическое, 5W-30, 1 л. 36531</title>
  <category href="/category/avtomobilnye-motornye-masla-34118/">Автомобильные моторные масла</category>
  <price>820 ₽</price>
  <text>
<![CDATA[Описание  Синтетическое Low SAPS масло с технологией экономии топлива специально разработан для Евро IV и V транспортных средств, оснащенных сажевым фильтром (DPF). Содержит присадки, подходящие для каталитических фильтров последнего поколения. Особенно рекомендуется для двигателей, требующих производительности масла RENAULT RN720. Это моторное масло подходит для бензиновых и дизельных двигателей, с турбонаддувом или без него, легковых автомобилей и микроавтобусов.   ACEA C4 OEM MB 226.51, RN0720]]>  </text>
</doc>
