<?xml version="1.0" ?>
<doc href="https://www.ozon.ru/context/detail/id/141304975/">
  <title>Масло моторное Mobil 1 FS x1 5W-50 1 л.</title>
  <category href="/category/avtomobilnye-motornye-masla-34118/">Автомобильные моторные масла</category>
  <price>802 ₽</price>
  <text>
<![CDATA[Описание  Mobil 1 (ТМ) FS x1 5W-50 - для автомобилей с пробегом более 100 000 км.   Mobil 1 FS x1 5W-50 рекомендовано для различных видов автомобилей с пробегом свыше 100 000 км. Особенности:  - Улучшенная технология очистки для легковых автомобилей с высоким пробегом - более 100  000 км; - Улучшенная защита при нестабильном качестве топлива; - Защита двигателя при пуске в условиях холодных температур; - Защита двигателя от износа и смазывание в течение всего интервала между заменами  масла.   Сертификации и одобрения:  - ACEA A3/B3, A3/B4,  - MB 229.1,  - MB 229.3,  - PORSCHE A40". Товар сертифицирован.  Проверить оригинальность:  https://original.mobil.ru/]]>  </text>
</doc>
