<?xml version="1.0" ?>
<doc href="https://www.ozon.ru/context/detail/id/147612560/">
  <title>Масло моторное BP Visco 5000, синтетическое, 5W-40, SN/CF, 1 л</title>
  <category href="/category/avtomobilnye-motornye-masla-34118/">Автомобильные моторные масла</category>
  <price>521 ₽</price>
  <text>
<![CDATA[Описание  BP Visco 5000 5W-40 – синтетическое моторное масло премиум-класса со следующими преимуществами: превосходная чистота двигателя; повышенная защита двигателя в нормальных условиях эксплуатации; улучшенная экономия топлива]]>  </text>
</doc>
