<?xml version="1.0" ?>
<doc href="https://www.ozon.ru/context/detail/id/139962577/">
  <title>Масло моторное Liqui Moly &quot;Special Tec LL&quot;, НС-синтетическое, 5W-30, 1 л</title>
  <category href="/category/avtomobilnye-motornye-masla-34118/">Автомобильные моторные масла</category>
  <price>799 ₽</price>
  <text>
<![CDATA[Описание  Масло моторное Liqui Moly "Special Tec LL" рекомендуется для широкого спектра автомобилей с высочайшими требованиями к свойствам моторного масла, таких как Mercedes-Benz, BMW, VW, Opel.   HC-синтетическое всесезонное маловязкое моторное масло произведено по новейшим технологическим требованиям. Удовлетворяет условиям LongLife-сервиса. Масло протестировано на турбированных и оснащенных катализаторами моторах. Может использоваться и в двигателях Opel предыдущих поколений, в которых разрешено применение моторных масел данного класса вязкости.  Благодаря комбинации НС-синтетических базовых масел и самых современных присадок моторные масла Special Tec LL обеспечивают высочайший уровень защиты от износа, предотвращают образование и накопление отложений в масляной системе и гарантируют стабильное быстрое поступление масла ко всем деталям двигателя. Масло имеет высокий показатель щелочного числа (TBN > 10,5 мг(KOH)/г), что обеспечивает высочайшие моющие свойства.  Особенности:  - Высочайшие показатели чистоты двигателя - Быстрое поступление масла к деталям двигателя при низких температурах - Очень высокая защита от износа и надежность смазывания - Очень низкие потери масла на испарение - Экономия топлива и снижение вредных выбросов - Проверено на турбированных двигателях и катализаторе  Допуск:  -API: CF/SL -ACEA: A3/B4 -BMW: Longlife-01 -MB: 229.5 -VW: 502 00/505 00  Соответствие:  -Opel: GM-LL-A025/GM-LL-B025  Показать полностью]]>  </text>
</doc>
