<?xml version="1.0" ?>
<doc href="https://www.ozon.ru/context/detail/id/141361870/">
  <title>Масло моторное Bardahl &quot;XTS&quot;, синтетическое, 0W-20, 5 л</title>
  <category href="/category/avtomobilnye-motornye-masla-34118/">Автомобильные моторные масла</category>
  <price>4 180 ₽</price>
  <text>
<![CDATA[Описание  Полностью синтетическое моторное масло изготовлено с применением присадок последнего поколения для бензиновых и дизельных автомобилей. Уменьшает трение, устраняет отложения и уменьшает расход топлива. Хорошая защита двигателя. Bardahl XTS 0W20 дает отличную производительность при низкой температуре. Разработано для реализации программы "Longlife 2" (VW).   ACEA A1/B1 A5/B5 OEM VW 503.00, 506.00, 506.01]]>  </text>
</doc>
