<?xml version="1.0" ?>
<doc href="https://www.ozon.ru/context/detail/id/147279119/">
  <title>Моторное масло Eni i-Sint, синтетическое, 5W30, ACEA C3, ACEA A3/B4</title>
  <category href="/category/avtomobilnye-motornye-masla-34118/">Автомобильные моторные масла</category>
  <price>3 144 ₽</price>
  <text>
<![CDATA[Описание  Еni i-Sint 5W-30 - это самое современное, высокотехнологичное, полностью синтетическое моторное масло для новейших типов бензиновых и дизельных двигателей легковых автомобилей, отвечающих нормам ЕВРО-4, оснащенных катализаторами и сажевыми фильтрами. Также отлично подходит для автомобилей без сажевых фильтров. Масло рассчитано на увеличенный интервал замены.]]>  </text>
</doc>
