<?xml version="1.0" ?>
<doc href="https://www.ozon.ru/context/detail/id/140183761/">
  <title>Моторное масло BP &quot;Visco 3000 A3/B4&quot;, 10W-40, полусинтетическое, 4 л</title>
  <category href="/category/avtomobilnye-motornye-masla-34118/">Автомобильные моторные масла</category>
  <price>1 322 ₽</price>
  <text>
<![CDATA[Описание  Масло с технологией защиты двигателя Cleanguard – это высококачественное частично синтетическое моторное масло предназначенное для использования в автомобильных бензиновых и дизельных двигателях, где производитель рекомендует масла соответствующие стандартам API SL/CF или ACEA A3/B4, или более ранним спецификациям. BP Visco 3000 A3/B4 10W-40 также одобрено к применению в двигателях автомобилей Mercedes и VW, где требуются масла спецификаций MB-Approval 229.1 или VW 501 01 / 505 00. Спецификации: ACEA A3/B4 API SL/CF VW 501 01 / 505 00 MB-Approval 229.1 Meets Fiat 9.55535-D2.]]>  </text>
</doc>
