<?xml version="1.0" ?>
<doc href="https://www.ozon.ru/context/detail/id/140690130/">
  <title>Моторное масло Total &quot;Quartz 9000 Energy 0W30&quot;, 1 л</title>
  <category href="/category/avtomobilnye-motornye-masla-34118/">Автомобильные моторные масла</category>
  <price>686 ₽</price>
  <text>
<![CDATA[Описание  Полностью синтетическое моторное масло для бензиновых и дизельных двигателей легковых  автомобилей. Обеспечивает чистоту двигателя, что позволяет сохранить его мощность. Total  Quartz Energy 9000 0W-30 снижает потребление топлива и уменьшает содержание вредных  веществ в выхлопных газах. данное масло обеспечивает оптимально долгий срок службы  двигателя благодаря отличным противоизносным свойствам, обеспечивающим защиту наиболее  уязвимых узлов двигателя. Масло содержит моюще-диспергирующие присадки, поддерживающие  чистоту в двигателе и его уровень эксплуатационных свойств, таким образом, сохраняя его  мощность. Данное моторное масло может применяться в самых жестких условиях эксплуатации  (городской трафик, движение по автомагистрали) и подходит для всех стилей вождения, в  особенности спортивной или агрессивной езды, независимо от сезона. Эксплуатационные свойства масла превосходят технические требования крупнейших  автопроизводителей, таким образом, данное масло подходит, по крайней мере, для 15 различных  марок автомобилей. Спецификации производителей автомобилей: BMW Longlife-01 / BMW LL-01, GM-LL-A-025, VW/AUDI 502 00, VW/AUDI 505 00, MB Approval 229.3 /  MB 229.3, MB Approval 229.5 / MB 229.5.]]>  </text>
</doc>
