<?xml version="1.0" ?>
<doc href="https://www.ozon.ru/context/detail/id/150872632/">
  <title>Смазка автомобильная Mobil Mobilgrease XHP 222, 18 кг</title>
  <category href="/category/avtomobilnye-motornye-masla-34118/">Автомобильные моторные масла</category>
  <price>11 217 ₽</price>
  <text>
<![CDATA[Описание  Mobilgrease XHP 222 - это пластичная смазка синего цвета с минеральным базовым маслом, загущенная литиевым комплексом. Она может быть рассмотрена  в следующие применения: 1. Автомобильные, пассажирские автомобили: смазка подшипников и внутренних триподов (ШРУС), при эксплуатации не ниже минус 30 градусов Цельсия, 2. Автомобильные, коммерческий транспорт и внедорожная техника: смазка ступичных подшипников, смазка подшипников колес, смазка шасси, смазка прицепов, и иные применения где требуется смазка NLGI 2 и классом вязкости базового масла ISO VG 220 или там где не требуется подача через централизованную систему подачи смазки при низких температурах, 3. Индустриальные применения, где необходима хорошая защита при воздействии загрязнителей (вода, пыль) в температурном режиме не выше +130 градусов Цельсия]]>  </text>
</doc>
