<?xml version="1.0" ?>
<doc href="https://www.ozon.ru/context/detail/id/140579306/">
  <title>Масло моторное Motul &quot;Specific Dexos2&quot;, синтетическое, 5W-30, 1 л</title>
  <category href="/category/avtomobilnye-motornye-masla-34118/">Автомобильные моторные масла</category>
  <price>1 056 ₽</price>
  <text>
<![CDATA[Описание  Моторное масло для бензиновых и дизельных двигателей GM-Opel. 100% синтетическое.  Высокотехнологичное 100% синтетическое энергосберегающее моторное масло, специально разработано для двигателей автомобилей GM-Opel, требующих использования моторных масел, одобренных General Motors по стандарту dexos2TM.  Универсальное моторное масло для большинства двигателей GM-Opel обладает высокой смазывающей способностью (высокая вязкость HTHS> 3,5 mPa.s) и энергосберегающими свойствами.  Также совместимо с двигателями требующими использование моторного масла класса API SM/CF или ACEA C3.  Совместимо со всеми типами топлива (бензин, дизельное топливо, биодизель, сжатый или сжиженный газ).  Может быть не применимо в некоторых типах двигателей. Перед использованием необходимо ознакомиться с рекомендациями в руководстве по эксплуатации автомобиля.  ACEA Стандарты: ACEA C3 API Стандарты: API PERFORMANCES SN/CF Одобрения: GM-OPEL dexos2 - License number: GB2A01020701]]>  </text>
</doc>
