<?xml version="1.0" ?>
<doc href="https://www.ozon.ru/context/detail/id/140372025/">
  <title>Масло моторное Mobil 1x1 5W-30 1 л.</title>
  <category href="/category/avtomobilnye-motornye-masla-34118/">Автомобильные моторные масла</category>
  <price>781 ₽</price>
  <text>
<![CDATA[Описание  Mobil 1 (ТМ) x1 5W-30 - двигатель работает как новый. Полностью синтетическое моторное масло Mobil 1 (ТМ) x1 5W-30  рекомендуется для многих типов современных автомобилей, в том числе  с высокоэффективными бензиновыми и дизельными двигателями с  турбонаддувом и форсированных (без дизельных сажевых фильтров),  многоклапанных двигателей с непосредственным впрыском топлива.   Особенности:  - Обеспечивает отличные смазывающие и противоизносные свойства при  различных стилях  вождения; - Обеспечивает быструю защиту, снижая износ двигателя и образование  отложений даже в  экстремальных  условиях вождения; - Обеспечивает исключительно эффективную очистку загрязненных  двигателе; - Обеспечивает превосходные смазывающие свойства при холодном  пуске и защита при  низких температурах.   Сертификации и одобрения - ACEA A1 / B1, - ACEA A5 / B5,  - ILSAC GF-5,  - General Motors Service Fill dexos1 (номер лицензии GB1C0606015), - Dexos 1 Gen2 Specifications,  - Ford WSS-M2C946-A,  - Ford WSS-M2C929-A,  - General Motors 4718M / 6094M.   Товар сертифицирован.     Уважаемые клиенты!Обращаем ваше внимание на возможные изменения в дизайне упаковки. Качественные характеристики товара остаются неизменными. Поставка осуществляется в зависимости от наличия на складе.Проверить оригинальность:  https://original.mobil.ru/  Показать полностью]]>  </text>
</doc>
