<?xml version="1.0" ?>
<doc href="https://www.ozon.ru/context/detail/id/144331015/">
  <title>Масло моторное ENEOS &quot;Super Diesel CG-4&quot;, полусинтетическое, 10W-40, 4 л</title>
  <category href="/category/avtomobilnye-motornye-masla-34118/">Автомобильные моторные масла</category>
  <price>1 567 ₽</price>
  <text>
<![CDATA[Описание  ENEOS "Super Diesel Semi-synthetic" – полусинтетическое масло для высокооборотных четырехтактных дизельных двигателей японского, европейского и российского производства, в том числе с турбонаддувом. Высокоэффективное масло для двигателей, разработанное на основе технологии использования базового масла и пакета уникальных присадок производства ENEOS Nippon Oil (Япония) для обеспечения сверхвысокой производительности и защиты современных мощных дизельных двигателей, работающих в самых суровых условиях. Масло ENEOS "Супер Дизель Полусинтетика" отвечает современным требованиям ведущих автомобилестроительных компаний.Уважаемые клиенты! Обращаем ваше внимание на то, что упаковка может иметь несколько видов дизайна. Поставка осуществляется в зависимости от наличия на складе.]]>  </text>
</doc>
