<?xml version="1.0" ?>
<doc href="https://www.ozon.ru/context/detail/id/150614630/">
  <title>Моторное масло RAVENOL RSE Racing Sport Ester SAE10W-50 (1л)</title>
  <category href="/category/avtomobilnye-motornye-masla-34118/">Автомобильные моторные масла</category>
  <price>1 295 ₽</price>
  <text>
<![CDATA[Описание  Полностью синтетическое легкотекучее моторное масло для современных бензиновых двигателей. Специально разработано для автогонок, также при тяжелых нагрузках.]]>  </text>
</doc>
