<?xml version="1.0" ?>
<doc href="https://www.ozon.ru/context/detail/id/141905819/">
  <title>Масло моторное ЛУКОЙЛ ЛЮКС, полусинтетическое SAE 5W-40, API SL/CF, 1 л</title>
  <category href="/category/avtomobilnye-motornye-masla-34118/">Автомобильные моторные масла</category>
  <price>420 ₽</price>
  <text>
<![CDATA[Описание  ЛУКОЙЛ ЛЮКС SAE 10W-40, API SL/CF - высококачественное полусинтетическое универсальное всесезонное моторное масло.  Подходит для автомобилей марок: GEELY, GREAT WALL, VOLKSWAGEN, HYUNDAI, KIA, LIFAN, RENAULT, TOYOTA, ЛАДА, УАЗ, ГАЗ. Производятся с использованием высококачественных базовых масел и высокоэффективного пакета присадок зарубежного производства.   Одобрено:  API SL-лицензировано (SAE 5W-30, 5W-40, 10W-40)  ПП "МеМЗ" (SAE 5W-40)  ПАО "ЗМЗ" ОАО "УМЗ" (SAE 10W-40)  ОАО "АВТОВАЗ" (SAE 5W-30, 5W-40, 10W-40)   Соответствует требованиям:  API SL/CF (SAE 10W-30)  API CF (SAE 5W-30, 5W-40, 10W-40) ПАО "ЗМЗ" (SAE 10W-30)  ОАО "УМЗ" (SAE 10W-30) ОАО "АВТОВАЗ" (SAE 10W-30)  Масла ЛУКОЙЛ ЛЮКС полусинтетические SAE 5W-30, 5W-40, 10W-30, 10W-40, API SL/CF предназначены для современных высокофорсированных бензиновых и дизельных двигателей импортных и отечественных легковых автомобилей, микроавтобусов и легких грузовиков, требующих применения смазочных материалов класса.   - Стабильность вязкостно-температурных свойств в течение всего срока эксплуатации.  - Способствуют легкому пуску двигателя при низких температурах.  - Обеспечивают надежную защиту двигателя от износа и коррозии в жестких условиях эксплуатации.  - Предотвращают образование высоко- и низкотемпературных отложений на деталях двигателя.  - Не оказывают вредного воздействия на каталитический нейтрализатор автомобиля.    Товар сертифицирован.  Показать полностью]]>  </text>
</doc>
