<?xml version="1.0" ?>
<doc href="https://www.ozon.ru/context/detail/id/143933495/">
  <title>Масло моторное Mobil Delvac 1, синтетическое, 5W-40, 4 л</title>
  <category href="/category/avtomobilnye-motornye-masla-34118/">Автомобильные моторные масла</category>
  <price>2 508 ₽</price>
  <text>
<![CDATA[Описание  Mobil Delvac 1 (ТМ) 5W-40 - полностью синтетическое масло с высокими эксплуатационными характеристиками для высоконагруженных дизельных двигателей, которое способствует продлению срока службы двигателей, одновременно обеспечивая увеличение срока замены масла в современных двигателях, эксплуатируемых в тяжелых условиях. Особенности: - препятствует образованию низкотемпературного шлама и лаковых отложений при высоких температурах; - заметно уменьшает расход масла; - обеспечивает потенциальную экономию топлива; - обеспечивает возможность продления интервалов замены масла.  Соответствует или превосходит требования: - ACEA E7/E4; - Cummins CES 20078/20077/20076/20075; - Ford WSS-M2C171-D; - Renault Trucks RXD; - Global DHD-1; - JASO DH-1; - Isuzu  DEO (w/o DPD equipped vehicles).  Имеет одобрения производителей: - Detroit Fluids Specification Diesel 93K214; - Mack EO-N Premium Plus 03 / EO-M Plus; - MB-Approval 235.28 / 228.5; - Scania LDF; - Voith Retarder Oil Class B; - Volvo VDS-3, VDS-2. Рекомендовано к применению также для требований: - Caterpillar ECF-1; - Cummins CES 20072/20071; - ASEA E-3/E-5; - MACK EO-N Premium Plus/ EO-M.Проверить оригинальность:  https://original.mobil.ru/  Показать полностью]]>  </text>
</doc>
