<?xml version="1.0" ?>
<doc href="https://www.ozon.ru/context/detail/id/141242564/">
  <title>Моторное масло &quot;VAG&quot;, класс вязкости 5W-30, 5 л</title>
  <category href="/category/avtomobilnye-motornye-masla-34118/">Автомобильные моторные масла</category>
  <price>5 453 ₽</price>
  <text>
<![CDATA[Описание  Благодаря специальному пакету присадок и термостабильной основе данное масло позволяет увеличить межсервисные интервалы замены согласно рекомендациям автопроизводителей. Обеспечивает максимальный ресурс сажевых фильтров дизельных авто. Допуски OEM: VW 507 00; VW 504 00. Товар сертифицирован.]]>  </text>
</doc>
