<?xml version="1.0" ?>
<doc href="https://www.ozon.ru/context/detail/id/147279104/">
  <title>Моторное масло Eni i-Sint TD, полусинтетическое, 10W40, CF/SH, ACEA B4/A3, 4 л</title>
  <category href="/category/avtomobilnye-motornye-masla-34118/">Автомобильные моторные масла</category>
  <price>1 579 ₽</price>
  <text>
<![CDATA[Описание  Eni i-Sint TD 10W-40 полусинтетическое все сезонное моторное масло, предназначенное для всех типов дизельных двигателей, включая двигатели с турбонаддувом, установленных на легковом транспорте и микроавтобусах, работающих в трудных условиях.]]>  </text>
</doc>
