<?xml version="1.0" ?>
<doc href="https://www.ozon.ru/context/detail/id/144371877/">
  <title>Моторное масло Zepro Touring 5w30 SN GF-5 (4л)</title>
  <category href="/category/avtomobilnye-motornye-masla-34118/">Автомобильные моторные масла</category>
  <price>2 529 ₽</price>
  <text>
<![CDATA[Описание  Масло моторное IDEMITSU "ZEPRO TOURING" - синтетическое энергосберегающее моторное масло для современных бензиновых двигателей, в том числе с турбонаддувом. Данный продукт произведен на основе синтетического базового масла с использованием запатентованной технологии Idemitsu Коsan Со. Ltd, благодаря чему обладает превосходными смазывающими характеристиками при высоких температурах и низким осадкообразованием. Обеспечивает надежную защиту современных двигателей легковых автомобилей, микроавтобусов и внедорожников.]]>  </text>
</doc>
