<?xml version="1.0" ?>
<doc href="https://www.ozon.ru/context/detail/id/139962542/">
  <title>Масло трансмиссионное Liqui Moly &quot;ATF III HC&quot;, HC-синтетическое, 1 л</title>
  <category href="/category/avtomobilnye-motornye-masla-34118/">Автомобильные моторные масла</category>
  <price>829 ₽</price>
  <text>
<![CDATA[Описание  Масло трансмиссионное Liqui Moly "ATF III HC" отвечает требованиям японских и корейских производителей автоматических трансмиссий.   HC-синтетическая универсальная жидкость для автоматических трансмиссий легковых автомобилей создана по специальной рецептуре, позволяющей соответствовать требованиям большинства азиатских производителей агрегатов и транспортных средств, в том числе в тяжелых условиях эксплуатации и перепадах температур.  В жидкости ATF III HC используются высококачественные HC-синтетические базовые компоненты, отличающиеся хорошими низкотемпературными свойствами. Жидкость содержит специальный пакет присадок, обеспечивающий отличную совместимость с материалами фрикционов и гарантирующий четкое переключение передач.  Особенности:  - Обладает высокой термической стабильностью в широком диапазоне рабочих температур - Гарантирует отличные противоизносные свойства и оптимальные фрикционные характеристики  Соответствие:  -JASO: M315-1A -ISUZU BESCO: ATF-II/ATF-III -GM: Daewoo -Daihatsu: Alumix ATF Multi -Hyundai: SP II/SP III -Kia: SP-II/SP-III -Mazda: ATF M III/ATF D-III -Mitsubishi: SP-III/SP-II -Nissan: AT-Matic D Fluid/AT-Matic J Fluid/AT-Matic C Fluid -Suzuki: ATF Oil/ATF Oil Special -Toyota: Type T-II/Type T-III/Type T-IV/Type T/Type D-2 -Subaru: ATF  Показать полностью]]>  </text>
</doc>
