<?xml version="1.0" ?>
<doc href="https://www.ozon.ru/context/detail/id/140893134/">
  <title>Моторное масло MANNOL &quot;7707 O.E.M.&quot;, для Ford и Volvo, 5W-30, синтетическое, 5 л</title>
  <category href="/category/avtomobilnye-motornye-masla-34118/">Автомобильные моторные масла</category>
  <price>1 675 ₽</price>
  <text>
<![CDATA[Описание  Моторное масло MANNOL "7707 O.E.M." - синтетическое энергосберегающее моторное масло, специально разработанное для использования в автомобилях FORD и VOLVO. Создано с учетом соответствия последним техническим требованиям бензиновых и современных дизельных двигателей, в которых предусмотрено использование масел стандарта ACEA A5/B5.  Обладает высокими антиокислительными свойствами и превосходными моюще-диспергирующими характеристиками, что предупреждает образование отложений и поддерживает исключительную чистоту деталей двигателя. Обеспечивает легкий пуск двигателя при низких температурах. Разработано с учетом требований для эксплуатации в тяжелых условиях и увеличенных интервалов техобслуживания.  Продукт имеет допуски / соответствует спецификациям / продуктам: SAE 5W-30 API SN ACEA A5/B5 ILSAC GF-4 FORD WSS-M2C913-C OPEL GM LL-A-025/B-025]]>  </text>
</doc>
