<?xml version="1.0" ?>
<doc href="https://www.ozon.ru/context/detail/id/139962681/">
  <title>Масло моторное Liqui Moly &quot;Special Tec V&quot;, НС-синтетическое, 0W-30, 1 л</title>
  <category href="/category/avtomobilnye-motornye-masla-34118/">Автомобильные моторные масла</category>
  <price>1 149 ₽</price>
  <text>
<![CDATA[Описание  Масло моторное Liqui Moly "Special Tec V" рекомендуется для автомобилей Volvo. НС-синтетическое легкотекучее моторное масло обладает отличной термоокислительной стабильностью, эффективно снижает износ, уменьшает потери на трение, предотвращает загрязнение двигателя. Оптимально для современных двигателей с управлением фазами ГРМ и высотой подъема клапанов, турбонаддувом, интеркулером, охлаждением газов рециркуляции.  Используемая в Special Tec V рецептура базовых компонентов на основе новейших технологий синтеза, обеспечивает высочайшие защитные свойства в сочетании с отличными низкотемпературными характеристиками масла. Использование современного пакета присадок обеспечивает исключительную защиту от износа и снижение расхода топлива.  Особенности:  - Отличные пусковые свойства в мороз - Быстрое поступление масла ко всем деталям двигателя при низких температурах - Сокращает расход топлива и эмиссию выхлопных газов - Высокая смазывающая способность - Замечательная термоокислительная стабильность и устойчивость к старению - Оптимальная чистота двигателя - Протестировано и совместимо с катализаторами и турбонаддувом  Допуск:  -API: CF/SL -ACEA: A5/B5 -ILSAC: GF-3 -Volvo: VCC 95200377]]>  </text>
</doc>
