<?xml version="1.0" ?>
<doc href="https://www.ozon.ru/context/detail/id/150872622/">
  <title>Моторное масло Mobil Delvac 1 , синтетическое, 5W-40, 20 л</title>
  <category href="/category/avtomobilnye-motornye-masla-34118/">Автомобильные моторные масла</category>
  <price>12 073 ₽</price>
  <text>
<![CDATA[Описание  Mobil Delvac 1 5W-40 – полностью синтетическое масло с высокими эксплуатационными характеристиками для высоконагруженных дизельных двигателей, которое способствует увеличению срока службы двигателей, одновременно обеспечивая увеличение срока смены масла в двигателях, эксплуатируемых в тяжелых условиях. Масло Mobil Delvac 1 5W-40 обеспечивает превосходные эксплуатационные характеристики современных двигателей с низким уровнем токсичности выхлопных газов, в том числе двигателей с промежуточным охлаждением, а также двигателей старых моделей, находящихся в хорошем состоянии. Mobil Delvac 1 5W-40 рекомендуется для широкого спектра тяжелых условий применения и окружающей среды, типичных для грузовых перевозок, горнодобывающей отрасли, строительства и сельского хозяйства. Mobil Delvac 1 также соответствует требованиям спецификации API SL к маслам для бензиновых двигателей, используемым в смешанных автомобильных парках.]]>  </text>
</doc>
