<?xml version="1.0" ?>
<doc href="https://www.ozon.ru/context/detail/id/148538488/">
  <title>Мовиль KERRY, с длинной трубкой, аэрозоль, 1 л</title>
  <category href="/category/avtokonservanty-30594/">Автоконсерванты</category>
  <price>329 ₽</price>
  <text>
<![CDATA[Описание  Предназначен для антикоррозионной защиты скрытых полостей кузова автомобиля (порогов, корпусов дверей, стоек, лонжеронов, пола салона, багажника и т. п.). Обеспечивает временную антикоррозионную защиту наружных поверхностей автомобиля (днища, порогов, арок колес и т. п.). Устойчив к воздействию воды и водных растворов солей, применяемых для обработки дорог. Консервант допускается наносить на ржавую и влажную поверхность, а также на старые антикоррозионные покрытия.]]>  </text>
</doc>
