<?xml version="1.0" ?>
<doc href="https://www.ozon.ru/context/detail/id/147279120/">
  <title>Моторное масло Eni i-Sint Tech F, синтетическое, 5W30, ACEA A5/B5, 5 л</title>
  <category href="/category/avtomobilnye-motornye-masla-34118/">Автомобильные моторные масла</category>
  <price>2 222 ₽</price>
  <text>
<![CDATA[Описание  Eni i-Sint tech F 5W-30 (прежнее наименование — Agip Formula ECO FO 5w-30) — это новейшее синтетическое моторное масло с высокими топливосберегающими свойствами, производящееся с использованием высококачественного синтетического базового масла и самого современного высокотехнологичного пакета присадок.]]>  </text>
</doc>
