<?xml version="1.0" ?>
<doc href="https://www.ozon.ru/context/detail/id/140564908/">
  <title>Масло моторное Shell Helix Ultra, 0W-30, синтетическое, 1 л</title>
  <category href="/category/avtomobilnye-motornye-masla-34118/">Автомобильные моторные масла</category>
  <price>776 ₽</price>
  <text>
<![CDATA[Описание  Полностью синтетическое моторное масло Shell Helix Ultra 0w30 для самых современных двигателей, созданное на основе уникальной технологии  Shell PurePlus.  Низкая вязкость и низкий коэффициент трения обеспечивают дополнительную экономию топлива до 2,2%. Мощность двигателя и экономия  топлива не уменьшаются даже после 100 000 км пробега (согласно результатам эксплуатационных испытаний на расстояние 100 000 км).Допуски  и одобрения  MB-Approval 226.5, MB-Approval 229.5, Renault RN0700, Renault RN0710, VW 502.00, VW 505.00  Проверить оригинальность:  http://www.ac.shell.com]]>  </text>
</doc>
