<?xml version="1.0" ?>
<doc href="https://www.ozon.ru/context/detail/id/150614603/">
  <title>Моторное масло RAVENOL RCS Racing Competition Synto SAE 5W-40 (1л)</title>
  <category href="/category/avtomobilnye-motornye-masla-34118/">Автомобильные моторные масла</category>
  <price>1 181 ₽</price>
  <text>
<![CDATA[Описание  Cинтетическое, легкотекучее всесезонное моторное масло на основе сложных эфиров и полиальфаолефинов. Идеально подходит для современных бензиновых двигателей в автогонках даже при тяжелых нагрузках.]]>  </text>
</doc>
