<?xml version="1.0" ?>
<doc href="https://www.ozon.ru/context/detail/id/145747389/">
  <title>Масло моторное синтетическое CARLSON Millenium Synth Ford 5W30 1л 98101, шт</title>
  <category href="/category/avtomobilnye-motornye-masla-34118/">Автомобильные моторные масла</category>
  <price>484 ₽</price>
  <text>
<![CDATA[Описание  100% синтетическое моторное масло, специально разработанное для бензиновых и дизельных двигателей Ford. С 2009 года этот тип масла является обязательным для всех моделей Ford (бензиновых и дизельных автомобилей с фильтром твердых частиц), за исключением моделей, (Galaxy I и II) и Ford Ka (дизельные и бензиновые с 2009 года). Допуски:  ACEA A1/B1; A5/B5  API SN/CF  ILSAC GF-3/-4  Renault RN 0700  Ford WSS-M2C913-D (-A/B/C)]]>  </text>
</doc>
