<?xml version="1.0" ?>
<doc href="https://www.ozon.ru/context/detail/id/167496322/">
  <title>Консервант для ЛКП автомобиля</title>
  <category href="/category/avtokonservanty-30594/">Автоконсерванты</category>
  <price>320 ₽</price>
  <text>
<![CDATA[Описание  Состав разработан для гонок на собственных автомобилях в условиях пустыни и песчаных степей. Из за хорошего эстетичного вида на поверхности (1 слой создает эффект отполированной поверхности с хорошим заполнением рисок) можем применять его и в обычных ситуациях при поездках на дачу или в дальние путешествия. Защищает от песка, камней*, мошкары. Легко удаляется при помощи большого объема воды подаваемой через АВД под давлением. На гидрофобных поверхностях первый слой под воздействием пониженного поверхностного натяжения разрывается. Укрывание нужно повторить и довести до равномерной пленки на поверхности ЛКП. Если заказана услуга заранее перед мойкой автомобиля, то во второй фазе мойки на передней части а/м используйте обычный шампунь без консервантов арт. 177010 «TWIN SHAMPOO». Каучуковый Консервант для ЛКП автомашины арт. Au-777 емкость 500 мл «SPRAY PROTECTION» Низкая цена нанесения. Высокий эффект. Отличные показатели стойкости при воздействии пыли. Все это привлекает клиента осуществить данную услугу. После нанесения состава, остатки отдаются автовладельцу, для нанесения его на обратном пути к дому. Способ нанесения: На очищенную поверхность разбрызгать состав и разнести его губкой арт. 999038. В момент высыхания все неровности сглаживаются и плёнка приобретает однородную структуру. После высыхания нанесите второй слой. * Камней – при одном слое состав выдержит попадание песочной фракции. Чем больше слоев тем фракция может увеличиваться. Для российских дорог рекомендовано производителем наносить 2 слоя и выше.]]>  </text>
</doc>
