<?xml version="1.0" ?>
<doc href="https://www.ozon.ru/context/detail/id/167496329/">
  <title>Кондиционер,консервант для поверхностей</title>
  <category href="/category/avtokonservanty-30594/">Автоконсерванты</category>
  <price>430 ₽</price>
  <text>
<![CDATA[Описание  Сверхгидрофобный состав для внешнего и внутреннего пластика. Восстанавливает насыщенный цвет. Обладает высоко-стойкими свойствами. При дождливой погоде, удержание на поверхности более, чем 3 месяца (или 10-15 щелочных моек без эксплуатации).Состав Ice Wax имеет повышенную текучесть. Расход на 1 кв.м. всего 2-3 мл. Состав имеет хорошую cкрываемость дефектов, что отличает его от других составов аналогичного направления. Хорошо применять на затертых пластиковых порогах автомашины. Возможно применять состав на кожзаменителе в салоне, для восстановления цвета и чистоты поверхности. Способ применения. Нанести небольшое количество на губку (2-3мл) и равномерно разнести по обрабатываемой поверхности. Дать составу впитаться и закрепиться 3-5 минут. При необходимости процесс повторить. Состав, попавший на ЛКП, протереть чистой фиброй.]]>  </text>
</doc>
