<?xml version="1.0" ?>
<doc href="https://www.ozon.ru/context/detail/id/140372009/">
  <title>Масло моторное Mobil Delvac Light Commercial Vehicle, полусинтетическое, 10W-40, 4 л</title>
  <category href="/category/avtomobilnye-motornye-masla-34118/">Автомобильные моторные масла</category>
  <price>1 325 ₽</price>
  <text>
<![CDATA[Описание  Для легкого коммерческого транспорта. Mobil Delvac (TM) Light Commercial Vehicle 10W-40 - обеспечивает эффективное смазывание и надежную  защиту дизельных и бензиновых двигателей, работающих в тяжелых условиях, характерных для  эксплуатации в городском режиме. Данный продукт рекомендуется компанией ExxonMobil для  двигателей российского, европейского и американского производства, которыми  укомплектованы легкие коммерческие автомобили зарубежного и отечественного  производства в том числе автомобили "ГАЗ".   Особенности:  - Снижает износ подшипников и способствует более длительным интервалам между заменами  моторного масла;  - Поддерживает чистоту двигателя, что сокращает расходы на техническое обслуживание и  продлевает срок службы двигателя;  - Обеспечивает легкий пуск двигателя и предотвращение износа при эксплуатации в холодных  климатических условиях;  - Продлевает срок службы критически важных компонентов и двигателя в целом.   Соответствует или превосходит требования: - Cummins CES 20078/20077/20076,  - ACEA E7.  Имеет одобрения производителей:  - "Автодизель" (ЯМЗ) ЯМЗ-6-12.   Рекомендовано к применению также для требований:  - ASEA A2, B2,  - API CG-4/CF-4/CF,  - Cummins CES 20072/20071".  Товар сертифицирован. Проверить оригинальность:  https://original.mobil.ru/  Показать полностью]]>  </text>
</doc>
