<?xml version="1.0" ?>
<doc href="https://www.ozon.ru/context/detail/id/140183716/">
  <title>Масло моторное Castrol &quot;Edge Professional&quot;, синтетическое, A5 0W-30, 1 л</title>
  <category href="/category/avtomobilnye-motornye-masla-34118/">Автомобильные моторные масла</category>
  <price>932 ₽</price>
  <text>
<![CDATA[Описание  Полностью синтетическое моторное масло Castrol EDGE Professional произведено с использованием новейшейтехнологии TITANIUM FST™.Технология TITANIUM FST™ на физическом уровне меняет поведение масла Castrol EDGE PROFESSIONAL вусловиях экстремальных нагрузок.Основой технологии TITANIUM FST™ являются полимерные металлоорганические соединения, содержащиетитан. Таким образом, титан становится компонентом масла и работает в унисон с технологией усиленноймасляной плёнки Fluid Strength Technology (FST™), которая была внедрена в 2011 году. Испытанияподтвердили, что TITANIUM FST™ в 2 раза увеличивает прочность масляной плёнки, предотвращая её разрыв иснижая трение для максимальной производительности двигателя.Используя опыт сотрудничества с автопроизводителями, мы применили такую же технологию, которая ранееиспользовалась только при производстве масла для конвейерной заливки.Моторное масло Castrol EDGE Professional прошло многоуровневую микрофильтрацию. Контроль качестваосуществляется с использованием новой технологии оптического измерения частиц Castrol – Optical ParticleMeasurement System (OPMS).Castrol EDGE Professional - первое в мире масло, сертифицированное как CO2- нейтральное в соответствии смировыми стандартами.ПрименениеCastrol EDGE Professional A5 0W-30 предназначено для бензиновых и дизельных двигателей автомобилей, вкоторых производитель агрегата рекомендует использовать моторные масла, соответствующие классу вязкостиSAE 0W-30 и спецификациям API SL/CF, ACEA A1/B1, A5/B5 или более ранним.Volvo cars рекомендует Castrol EDGE Professional.ПреимуществаCastrol EDGE Professional A5 0W-30 обеспечивает надёжную и максимально эффективную работу современныхвысокотехнологичных двигателей, созданных по новейшим инженерным разработкам, которые требуютиспользования маловязких масел с увеличенными интервалами замены. Castrol EDGE Professional A5 0W-30:обеспечивает максимальную эффективность работы силового агрегата как в краткосрочном периодевремени, так и в течение длительного срока службы;подавляет образование отложений, способствуя повышению скорости реакции двигателя на нажатиепедали акселератора;обеспечивает надёжную защиту всех деталей мотора в разных условиях движения, в широких диапазонахтемператур и скоростей;поддерживает максимальную мощность двигателя, даже в условиях интенсивной эксплуатации;повышает экономию топлива (подтверждено независимыми испытаниями);обладает отличными низкотемпературными свойствами.  Показать полностью]]>  </text>
</doc>
