<?xml version="1.0" ?>
<doc href="https://www.ozon.ru/context/detail/id/140564894/">
  <title>Моторное масло Shell Helix HX8 Synthetic, синтетическое, 5W-40, 4 л</title>
  <category href="/category/avtomobilnye-motornye-masla-34118/">Автомобильные моторные масла</category>
  <price>1 832 ₽</price>
  <text>
<![CDATA[Описание  Cинтетическое моторное масло Shell "Helix HX8" имеет уникальные моющие  свойства. Оно увеличивает срок  службы мотора, обеспечивая его защиту от износа даже в самых  экстремальных условиях эксплуатации.  Этот смазочный материал имеет низкий расход, благодаря чему снижается  частота его долива. HX8 Synthetic может использоваться в дизельных  и бензиновых двигателях, а также в моторах, работающих на бензино- этаноловом и биодизельном топливе. Допуски и одобрения  [Fiat 9.55535-M2], [Fiat 9.55535-N2], MB-Approval 229.3, Renault RN0700, Renault  RN0710, VW 502.00, VW 505.00  Уважаемые клиенты! Обращаем ваше внимание на то, что упаковка может  иметь несколько видов дизайна. Поставка осуществляется в зависимости от  наличия на складе.  Проверить оригинальность:  http://www.ac.shell.com]]>  </text>
</doc>
