<?xml version="1.0" ?>
<doc href="https://www.ozon.ru/context/detail/id/139962623/">
  <title>Масло моторное Liqui Moly &quot;Super Leichtlauf&quot;, НС-синтетическое, 10W-40, 1 л</title>
  <category href="/category/avtomobilnye-motornye-masla-34118/">Автомобильные моторные масла</category>
  <price>749 ₽</price>
  <text>
<![CDATA[Описание  Масло моторное Liqui Moly "Super Leichtlauf" - универсальное моторное масло на базе гидрокрекинговой технологии синтеза (HC-синтеза). Удовлетворяет современным требованиям международных стандартов API и ACEA, а также имеет оригинальные допуски таких производителей, как Mercedes-Benz, Volkswagen Group. Масло имеет высокую стабильность к окислению и угару, поэтому может использоваться в нагруженных бензиновых и дизельных двигателях с турбонаддувом и интеркулером.  В моторном масле Leichtlauf Super 10W-40 используются базовые компоненты, произведенные по новейшим технологиям синтеза и отличающиеся высочайшими защитными свойствами. Масло содержит современный пакет присадок, который обеспечивает высокий уровень защиты от износа и гарантирует стабильное поступление масла ко всем деталям двигателя.  Особенности:  - Высокая стабильность масляной пленки при высоких и низких температурах - Высокие противоизносные свойства - Обеспечивает оптимальную чистоту двигателя - Протестировано на совместимость с турбированными двигателями и катализатором Допуск:  -API: SL/CF -ACEA: A3/B4 -MB: 229.1 -VW: 501 01/505 00]]>  </text>
</doc>
