<?xml version="1.0" ?>
<doc href="https://www.ozon.ru/context/detail/id/141242642/">
  <title>Моторное масло &quot;Toyota&quot;, класс вязкости 5W-30, 5 л</title>
  <category href="/category/avtomobilnye-motornye-masla-34118/">Автомобильные моторные масла</category>
  <price>3 395 ₽</price>
  <text>
<![CDATA[Описание  Масло имеет энергосберегающие характеристики; способствует экономии топлива; состоит из тщательно отобранной, химически;модифицированной масляной основы и присадок, повышающих эффективность работы двигателя; обеспечивает оптимальные защитные свойства масла; облегчает холодный запуск двигателя. Товар сертифицирован.]]>  </text>
</doc>
