<?xml version="1.0" ?>
<doc href="https://www.ozon.ru/context/detail/id/141361890/">
  <title>Масло моторное Bardahl &quot;XTEC&quot;, синтетическое, 5W-30, 400 мл. 36300</title>
  <category href="/category/avtomobilnye-motornye-masla-34118/">Автомобильные моторные масла</category>
  <price>484 ₽</price>
  <text>
<![CDATA[Описание  Синтетическое моторное масло Mid SAPS, для экономии топлива, изготовлено из добавок последнего поколения и специально разработано для автомобилей оснащенных сажевым фильтром (DPF), соответствующих Евро IV и V. Bardahl XTEC 5W40 имеет высокое HTHS, гарантирующие отличную защиту. Может использоваться в бензиновых и дизельных двигателях с турбонаддувом или без, легковых автомобилей и транспортных средств малой грузоподъемности.   ACEA C2/C3 (12)   API SN/SM/CF OEM MB 229.31/229.1/229.3, BMW LL-04, VW 500.00/502.00/505.00/505.01  Ford WSS-M2C-917A, RN0700/0710,   GM DEXOS 2, Porsche A40]]>  </text>
</doc>
