<?xml version="1.0" ?>
<doc href="https://www.ozon.ru/context/detail/id/142954379/">
  <title>Масло моторное Gazpromneft &quot;Diesel Extra&quot;, 10W-40, API СF-4/CF/SG, полусинтетическое, 4 л </title>
  <category href="/category/avtomobilnye-motornye-masla-34118/">Автомобильные моторные масла</category>
  <price>759 ₽</price>
  <text>
<![CDATA[Описание  Всесезонное универсальное полусинтетическое моторное масло Gazpromneft "Diesel Extra", производится с использованием высококачественных базовых масел и сбалансированного пакета присадок. Благодаря использованию улучшенных базовых масел моторное масло обладает: увеличенным сроком службы, сниженным расходом масла на угар и увеличенной стойкостью к химической коррозии.  Разработано в соответствии с экологическими нормами Евро-2. Обеспечивает высокую нейтрализующую способность при повышенном содержании серы в дизельном топливе. Рекомендуется для применения в дизельных двигателях с большим пробегом/наработкой моточасов. Использование высокоэффективного импортного пакета присадок гарантирует снижение образования смолистых и лаковых отложений на поверхностях двигателя и нагара на стенках цилиндров и поршней, обеспечивая чистоту двигателя. Обеспечивает надежную защиту двигателя при высоких температурах окружающей среды. Одобрения / Соответствия / Уровень свойств: API CF-4, API SG, ПАО «КАМАЗ», ПАО «Автодизель» (ЯМЗ), ААИ Д3.]]>  </text>
</doc>
