<?xml version="1.0" ?>
<doc href="https://www.ozon.ru/context/detail/id/150872617/">
  <title>Моторное масло Mobil 1 ESP, 154303, синтетическое, 5W-30, 20 л</title>
  <category href="/category/avtomobilnye-motornye-masla-34118/">Автомобильные моторные масла</category>
  <price>13 586 ₽</price>
  <text>
<![CDATA[Описание  Mobil 1  ESP 5W-30 – синтетическое моторное масло с улучшенными рабочими свойствами, разработанное для обеспечения исключительного уровня чистоты двигателя, общих эксплуатационных характеристик и защиты от износа. Масло Mobil 1 ESP 5W-30 было разработано экспертами компании для продления срока службы и поддержания эффективности систем снижения токсичности выхлопных газов дизельных и бензиновых автомобилей. Масло Mobil 1 ESP 5W-30 соответствует требованиям многих отраслевых стандартов и передовых автопроизводителей, которые предъявляются к современным дизельным и бензиновым легковым автомобилям, или превосходит такие требования.]]>  </text>
</doc>
