<?xml version="1.0" ?>
<doc href="https://www.ozon.ru/context/detail/id/142954429/">
  <title>Масло моторное G-Energy S Synth 10W-40, API SL/CF, ACEA A3/B4, полусинтетическое, 4 л</title>
  <category href="/category/avtomobilnye-motornye-masla-34118/">Автомобильные моторные масла</category>
  <price>1 127 ₽</price>
  <text>
<![CDATA[Описание  Полусинтетическое (Semi Synthetic) моторное масло. Производится с использованием синтетического и минерального базовых масел и многофункционального пакета присадок. Рекомендовано для круглогодичного применения. Обеспечивает лёгкий пуск двигателя при низких температурах и оптимальную вязкость при высоких температурах. Превосходные смазывающие характеристики обеспечивают стабильную масляную плёнку на защищаемых от износа деталях двигателя при различных эксплуатационных режимах работы двигателя. Хорошие моюще-диспергирующие свойства масла обеспечивают чистоту двигателя, стойкость к образованию отложений всех видов. Совместимо с материалами уплотнений. Одобрения / Соответствия / Уровень свойств: ACEA A3/B4, MB 229.1, VW 501.01/505.00, ОАО «АВТОВАЗ», ОАО «ЗМЗ», Сертифицировано ААИ]]>  </text>
</doc>
