<?xml version="1.0" ?>
<doc href="https://www.ozon.ru/context/detail/id/148742005/">
  <title>Моторное масло Eni i-Sint Tech, синтетическое, 0W30, ACEA A5/B5, 4 л</title>
  <category href="/category/avtomobilnye-motornye-masla-34118/">Автомобильные моторные масла</category>
  <price>3 294 ₽</price>
  <text>
<![CDATA[Описание  Масло моторное синтетическое универсальное экстра-класса, соответствующее допускам VW и способствующее повышению экономии топлива]]>  </text>
</doc>
