<?xml version="1.0" ?>
<doc href="https://www.ozon.ru/context/detail/id/139962603/">
  <title>Масло моторное Liqui Moly &quot;Nachfull Oil&quot;, НС-синтетическое, 5W-40, 1 л</title>
  <category href="/category/avtomobilnye-motornye-masla-34118/">Автомобильные моторные масла</category>
  <price>1 129 ₽</price>
  <text>
<![CDATA[Описание  Масло моторное Liqui Moly "Nachfull Oil" специально предназначено для доливки в случае, если ранее залитое масло недоступно. Смешивается и совместимо со всеми стандартными моторными маслами. Это современное малозольное НС-синтетическое моторное масло с именными допусками производителей. Экономит топливо за счет сниженной высокотемпературной вязкости. Снижает трение и износ в двигателе. Совместимо с большинством катализаторов и сажевых фильтров.  Особенности:  - предназначено для всех типов двигателей автомобилей,  - смешивается со всеми обычными моторными маслами,  - быстрое поступление масла ко всем деталям двигателя при низких температурах,  - очень высокая стабильность масляной пленки при высоких и низких температурах,  - высокая стабильность масла к сдвигу и старению,  - очень хорошие противоизносные свойства,  - экономит топливо и снижает количество вредных веществ в выхлопе,  - обеспечивает оптимальную чистоту двигателя,  - легкий запуск двигателя,  - протестировано на совместимость с турбированными двигателями и катализатором.   Благодаря уникальной формуле позволяет доливать это масло в любые товарные масла, чтобы исключить повреждения двигателя при его недостаточном уровне.]]>  </text>
</doc>
