<?xml version="1.0" ?>
<doc href="https://www.ozon.ru/context/detail/id/141242607/">
  <title>Моторное масло &quot;Mitsubishi&quot;, API SN/CF, класс вязкости 5W30, 1 л</title>
  <category href="/category/avtomobilnye-motornye-masla-34118/">Автомобильные моторные масла</category>
  <price>709 ₽</price>
  <text>
<![CDATA[Описание  Высококачественное энергосберегающее моторное масло. Рекомендуется для использования в бензиновых и дизельных двигателях автомобилей Mitsubishi .]]>  </text>
</doc>
