<?xml version="1.0" ?>
<doc href="https://www.ozon.ru/context/detail/id/150872618/">
  <title>Моторное масло Mobil 1 FS x1, синтетическое, 5W-50, 20 л</title>
  <category href="/category/avtomobilnye-motornye-masla-34118/">Автомобильные моторные масла</category>
  <price>13 252 ₽</price>
  <text>
<![CDATA[Описание  Mobil 1 является лидирующей в мире маркой синтетического моторного масла, которое обеспечивает наилучшие эксплуатационные характеристики и защиту. Благодаря технологии Mobil 1, Ваш двигатель работает как новый. Mobil 1 FS x1 5W-50 - это синтетическое моторное масло с улучшенными эксплуатационными свойствами, которое обеспечивает исключительную чистоту двигателя.]]>  </text>
</doc>
