<?xml version="1.0" ?>
<doc href="https://www.ozon.ru/context/detail/id/140564896/">
  <title>Моторное масло Shell Helix HX7, полусинтетическое, 5W-30, 4 л</title>
  <category href="/category/avtomobilnye-motornye-masla-34118/">Автомобильные моторные масла</category>
  <price>1 370 ₽</price>
  <text>
<![CDATA[Описание  Моторное масло Shell Helix HX7 увеличивает срок службы двигателя, обеспечивая его защиту от износа даже в условиях езды по городу с ее частыми остановками и запусками двигателя. Оно изготовлено с использованием синтетических базовых компонентов, а также специально подобранной системы присадок.  Этот смазочный материал рекомендован к использованию в дизельных и бензиновых двигателях (с турбонаддувом и без него) легковых автомобилей. Допуски и одобрения  JASO SG+, MB-Approval 229.3, VW 502.00, VW 505.00.  Уважаемые клиенты! Обращаем ваше внимание на то, что упаковка может иметь несколько видов дизайна. Поставка осуществляется в зависимости от наличия на складе.  Проверить оригинальность:  http://www.ac.shell.com]]>  </text>
</doc>
