<?xml version="1.0" ?>
<doc href="https://www.ozon.ru/context/detail/id/141242616/">
  <title>Масло моторное BMW &quot;TwinPower Turbo Longlife-01&quot;, синтетическое, класс вязкости 5W-30, 1 л</title>
  <category href="/category/avtomobilnye-motornye-masla-34118/">Автомобильные моторные масла</category>
  <price>860 ₽</price>
  <text>
<![CDATA[Описание  Моторное масло BMW "TwinPower Turbo Longlife-01" создано на основе технологии GTL. Благодаря этому обеспечивается защита двигателя на уровне, превосходящем отраслевые стандарты. Это моторное масло поддерживает оптимальную чистоту двигателей BMW и позволяет полностью использовать их потенциал. В сравнении с обычными моторными маслами оно характеризуется улучшенными вязкостно-температурными показателями, обеспечивая высокую топливную экономичность. Новое оригинальное моторное масло BMW позволяет использовать весь потенциал двигателей BMW. Это моторное масло  прошло всесторонние испытания и допущено к применению концерном BMW как всесезонное.Преимущества: – Стабильность рабочих характеристик в широком диапазоне рабочих температур и нагрузок двигателя. – Уверенный запуск двигателя при низких температурах. – Отличная защита от износа. – Запатентованная технология активной очистки защищает от образования отложений и коррозии, таким образом продлевая срок службы двигателей. Применение: применять строго в соответствии с руководством по эксплуатации вашего автомобиля! Для всех бензиновых двигателей BMW.Товар сертифицирован.]]>  </text>
</doc>
