<?xml version="1.0" ?>
<doc href="https://www.ozon.ru/context/detail/id/168256726/">
  <title>NANOMAGIC TWIN WAX - Осушитель и консервант с высоким содержанием полирующих компонентов (1 л)</title>
  <category href="/category/avtokonservanty-30594/">Автоконсерванты</category>
  <price>1 480 ₽</price>
  <text>
<![CDATA[Описание  Осушитель и консервант с высоким содержанием полирующих компонентов, pH 5,0.  Высококачественные сушащие компоненты, созданные на основе лучших технологий для превосходной сушки и консервации поверхности автомобиля. Большой сухой остаток полирующего вещества значительно придаёт блеск поверхности лака. Гидрофобность с качественным блеском и повышенная экономичность, которая значительно выше, чем у любых стандартных горячих восков. Соотношение цены и качества   вот, что делает этот продукт привлекательным для профессионального применения на автомойках. Стойкость состава до 4 моек.   Области применения Легковые автомобили, мотоциклы.   Разведение с водой Пенокомплект: 1:30 1:50 на 1 литр воды. Расход: 3 4 а/м. Триггер или накачная помпа: 1:400. Дозирование через инжектор: 0,3 0,4%. Для дозирующих насосов на мойках самообслуживания: 12 16 мл/мин или 5 10 мл на один цикл. Расход (1 цикл мойки): 10 мл.   Рекомендации по применению Ручная автомойка: нанести состав. Спустя 1-2 минуты просушить кузов воздухом или чистым протирочным материалом. При высокой уличной температуре можно обмыть водой (касаемо моек самообслуживания).   Предупреждения! Разводить состав при ручном способе нанесения необходимо небольшими партиями и расходовать его в течение 1 2 часов! Только в таком случае компоненты могут 100% воздействовать на поверхность ЛКП с должным эффектом!]]>  </text>
</doc>
