<?xml version="1.0" ?>
<doc href="https://www.ozon.ru/context/detail/id/140579305/">
  <title>Масло моторное Motul &quot;Specific 913D&quot;, синтетическое, 5W-30, 5 л</title>
  <category href="/category/avtomobilnye-motornye-masla-34118/">Автомобильные моторные масла</category>
  <price>4 520 ₽</price>
  <text>
<![CDATA[Описание  100% синтетическое энергосберегающее масло для всех дизельных и некоторых бензиновых (см. техническую документацию) двигателей FORD. Одобрение FORD WSS M2C 913 D перекрывает большинство двигателей, требующих моторное масло с допуском FORD WSS M2C 913 A, 913 B и 913 C.  ACEA Стандарты: ACEA A5/B5]]>  </text>
</doc>
