<?xml version="1.0" ?>
<doc href="https://www.ozon.ru/context/detail/id/150614599/">
  <title>Моторное масло RAVENOL Arctic Low SAPS ALS SAE 0W-30 ( 4л)</title>
  <category href="/category/avtomobilnye-motornye-masla-34118/">Автомобильные моторные масла</category>
  <price>4 163 ₽</price>
  <text>
<![CDATA[Описание  Полностью cсинтетическое легкотекучее моторное масло с запатентованной технологией Clean-Synto для легковых бензиновых и дизельных двигателей с и без турбонадува и прямым впрыском топлива. ACEA C3.]]>  </text>
</doc>
