<?xml version="1.0" ?>
<doc href="https://www.ozon.ru/context/detail/id/140541201/">
  <title>Моторное масло Elf &quot;Evolution. 900 NF&quot;, 5W-40, 1 л</title>
  <category href="/category/avtomobilnye-motornye-masla-34118/">Автомобильные моторные масла</category>
  <price>569 ₽</price>
  <text>
<![CDATA[Описание  Высококачественное моторное масло для бензиновых и дизельных двигателей легковых автомобилей, производимое с применением  синтетической технологии ELF. Для всех стилей вождения, особенно высокоскоростных и гонок. Специально разработано для соответствия  требованиям производителей двигателей, касательно расширенного интервала замены моторного масла.  Одобрения и спецификации ACEA A3/B4 API SL/CF VOLKSVAGEN: VW 502.00 / VW 505.00 (VW, Audi, Seat, Skoda...) PORSCHE A40 MERCEDES BENZ: MB-Approval 229.3 (MB, Chrysler…)]]>  </text>
</doc>
