<?xml version="1.0" ?>
<doc href="https://www.ozon.ru/context/detail/id/141242617/">
  <title>Масло моторное Hyundai / KIA &quot;Premium DPF Diesel&quot;, синтетическое, класс вязкости 5W30, 1 л</title>
  <category href="/category/avtomobilnye-motornye-masla-34118/">Автомобильные моторные масла</category>
  <price>569 ₽</price>
  <text>
<![CDATA[Описание  Моторное масло Hyundai / KIA "Premium DPF Diesel" - это новейшее синтетическое беззольное моторное масло разработанное эксклюзивно для  HYUNDAI и KIA для новейших дизельных двигателей выпуска с 2007/2008 года.  Произведено по технологии Low SAPS- т.е беззольное, с минимальным содержанием серы и фосфора.   Моторное масло Hyundai / KIA "Premium DPF Diesel": - Совместимо со всеми системами нейтрализации выхлопных газов, в том числе оснащенных сажевым фильтром DPF. Рекомендуется использовать в автомобилях с 2007-2008 г.в. - Обеспечивают облегченный пуск двигателя при отрицательных температурах,  - Высокие моющие качества. - Отличная защита от износа, отложений, нагара и шлама.  Товар сертифицирован.]]>  </text>
</doc>
