<?xml version="1.0" ?>
<doc href="https://www.ozon.ru/context/detail/id/139962653/">
  <title>Масло моторное Liqui Moly &quot;Top Tec 4600&quot;, НС-синтетическое, 5W-30, 5 л</title>
  <category href="/category/avtomobilnye-motornye-masla-34118/">Автомобильные моторные масла</category>
  <price>3 539 ₽</price>
  <text>
<![CDATA[Описание  Масло моторное Liqui Moly "Top Tec 4600" обладает именными допусками концернов GM (dexos2), Ford, VW, BMW, Mercedes-Benz. В 2015 году получило новейший допуск Mercedes-Benz 229.52 для двигателей EURO 5/6, что позволило полностью заменить в программе выпуска моторное масло Top Tec 4700 5W-30.   HC-синтетическое малозольное (Mid SAPS) моторное масло для круглогодичного использования в бензиновых и дизельных двигателях легковых автомобилей. Рекомендуется для современных дизельных двигателей с многоступенчатым катализатором и сажевым фильтром (DPF). Отлично подходит для использования в автомобилях, переоборудованных под использование природного и сжиженного газа (CNG/LPG).  В моторных маслах Top Tec используются базовые компоненты, произведенные по новейшим технологиям синтеза и отличающиеся высочайшими защитными свойствами. Масла содержат специальный пакет присадок с пониженным содержанием соединений серы, фосфора и хлора, что обеспечивает совместимость со специфическими системами нейтрализации и обеспечивает минимальные выбросы вредных веществ.  Особенности:  - Сокращает вредные выбросы - Совместимо с новейшими системами нейтрализации выхлопных газов - Быстрое поступление масла к трущимся деталям при низких температурах - Высокая защита двигателя от износа - Обеспечивает чистоту двигателя Благодаря наличию оригинальных допусков производителей автомобилей, использование данного масла позволяет сохранить все гарантийные условия при прохождении ТО.  Допуск:  -API: CF/SN -ACEA: C3 -BMW: Longlife-04 -GM: dexos2  Показать полностью]]>  </text>
</doc>
