<?xml version="1.0" ?>
<doc href="https://www.ozon.ru/context/detail/id/141242578/">
  <title>Моторное масло NISSAN &quot;DPF&quot;, синтетическое, класс вязкости 5W30, 5 л</title>
  <category href="/category/avtomobilnye-motornye-masla-34118/">Автомобильные моторные масла</category>
  <price>3 230 ₽</price>
  <text>
<![CDATA[Описание  Моторное масло Nissan Motor Oil 5W-30 DPF предназначено для дизельных двигателей с сажевым фильтром. Высококачественный продукт, специально разработанный для того, чтобы обеспечивать оптимальные рабочие характеристики двигателя в тяжелых условиях эксплуатации. Благодаря сбалансированной вязкости этого масла уменьшается трение и износ деталей двигателя при запуске в холодную погоду и улучшается качество смазки при высоких температурах]]>  </text>
</doc>
