<?xml version="1.0" ?>
<doc href="https://www.ozon.ru/context/detail/id/142954424/">
  <title>Масло моторное G-Energy F Synth 5W-40, API SN/CF, ACEA A3/B4, синтетическое, 1 л</title>
  <category href="/category/avtomobilnye-motornye-masla-34118/">Автомобильные моторные масла</category>
  <price>446 ₽</price>
  <text>
<![CDATA[Описание  Полностью синтетическое (Fully Synthetic) моторное масло G-Energy F Synth 5W-40 разработано для бензиновых и дизельных двигателей (в том числе с турбонаддувом) легковых автомобилей, микроавтобусов и легких грузовиков, работающих в различных условиях эксплуатации как в тяжёлых, как и нет.  Превосходные моющие свойства масла обеспечивают чистоту деталей двигателя. Обеспечивает надёжную смазку пар трения даже при длительной работе в режимах максимальных скоростей и нагрузок. Использование высококачественной базы и эффективного пакета присадок позволяет максимально долго сохранить эксплуатационные свойства масла, что позволяет увеличить интервалы замены масла. Превосходные противоизносные свойства обеспечивают максимальный ресурс двигателя. Низкий расход масла на угар за счет специально подобранных базовых компонентов.  Одобрения / Соответствия / Уровень свойств: ACEA A3/B4, A3/B3, MB-Approval 229.5, VW 502 00/505 00, Renault RN0700/0710, BMW LL-01, Porsche A40, GM LL-B-025, PSA B71 2296, ОАО "АВТОВАЗ".]]>  </text>
</doc>
