<?xml version="1.0" ?>
<doc href="https://www.ozon.ru/context/detail/id/141361908/">
  <title>Масло моторное Bardahl &quot;XTR C60 Racing&quot;, синтетическое, 5W-50, 1 л</title>
  <category href="/category/avtomobilnye-motornye-masla-34118/">Автомобильные моторные масла</category>
  <price>1 177 ₽</price>
  <text>
<![CDATA[Описание  Масло класса Premium, специально разработано для четырехтактных двигателей мотоциклов с интегрированной и не интегрированной коробкой передач, со сцеплением в масляной ванне и сухим. Самые лучшие синтетические основы и комплекс специальных полимеров позволяют добиться отличных показателей вязкости, термической стабильности, высочайшей производительности и сохраняют смазочный слой в самых экстремальных ситуациях. Благодаря Bardahl Polar Plus - Fullerene C60 и технологии Clutch Perfomance улучшается КПД двигателя и трансмиссии, что позволяет добиться максимальной производительности техники и лучших результатов. Bardahl XTC C60 защищает механизмы от износа и продлевает срок службы двигателя с максимальной API SM OEM JASO T903: 2006 MA-MA2.]]>  </text>
</doc>
