<?xml version="1.0" ?>
<doc href="https://www.ozon.ru/context/detail/id/140564897/">
  <title>Масло моторное Shell Helix Ultra Professional AG, 550040571, синтетическое, 5W-30, 1 л</title>
  <category href="/category/avtomobilnye-motornye-masla-34118/">Автомобильные моторные масла</category>
  <price>850 ₽</price>
  <text>
<![CDATA[Описание  Моторное масло  Shell Helix Ultra Professional AG 5w30 на базе синтетических технологий, соответствующее самым строгим требованиям  производителей современных силовых  агрегатов для легковых авто. Марка AG 5W-30 одобрена к использованию концерном General Motors.  Масло прошло различные испытания эксплуатационных качеств, показав превосходные моющие свойства, высокую эффективность, а также  устойчивость к сдвиговым нагрузкам, окислению и испаряемости. Кроме того, жидкость обладает отличными низкотемпературными  характеристиками, обеспечивает экономию топлива, способствует снижению уровня шума и вибрации в моторе. Допуски: GM GMW16177 (dexos2). Продукт соответствует  требованиям спецификаций ACEA C3, API SN и GM dexos2.  Проверить оригинальность:  http://www.ac.shell.com]]>  </text>
</doc>
