<?xml version="1.0" ?>
<doc href="https://www.ozon.ru/product/plast-star-kunststofftiefenpflege-sredstvo-po-uhodu-za-rezinoy-shinami-i-plastikom-1-l-168256689/">
  <title>PLAST STAR KUNSTSTOFFTIEFENPFLEGE - Средство по уходу за резиной, шинами и пластиком (1 л)</title>
  <category href="/category/avtokonservanty-30594/">Автоконсерванты</category>
  <price>1 520 ₽</price>
  <text>
<![CDATA[Описание  Средство по уходу за резиной, шинами и пластиком.  Плёнкообразователь для ухода за наружным пластиком и резиной с длительным эффектом удержания на поверхности. Консервант с приданием устойчивых гидрофобных свойств. Состав удерживается на поверхности пластика до 2-х месяцев (5 6 моек), придавая ему ухоженный вид. Не содержит силиконов. Благодаря специальной системе компонентов для ухода, обработанным деталям возвращается их первоначальный вид. Предотвращает выцветание пластика, а также примерзание дверных уплотнителей. При сильной пыли летом рекомендуем использовать состав без силикона PLAST STAR SILICONOLFREI (173001) для быстрого высыхания и отсутствия налипания пыли. Данный состав рекомендуем применять с осени до лета. Высыхает 5-10 минут.   Области применения Пластмассовые детали, резина автомобиля, уплотнители дверей, автотранспорт, бытовое применение.   Разведение с водой Применять чистым.   Рекомендации по применению Тщательно встряхнуть перед применением, нанести небольшое количество состава на губку (999038). Равномерно втереть в поверхность. Автошины следует обрабатывать движениями в две стороны (по часовой и против часовой стрелки) для поднятия ворса резины и глубокого вычищения, а также глубокой пропитки ворса.   Предупреждения! Не использовать на колёсных дисках, беговых поверхностях шины, мотоциклетных и велосипедных шинах!]]>  </text>
</doc>
