<?xml version="1.0" ?>
<doc href="https://www.ozon.ru/context/detail/id/150143445/">
  <title>Масло моторное STARKRAFT LEO 5w-30 F-Prof</title>
  <category href="/category/avtomobilnye-motornye-masla-34118/">Автомобильные моторные масла</category>
  <price>2 206 ₽</price>
  <text>
<![CDATA[Описание  ACEA C3,API SN,MB 229.31/229.51/229.52,W 505.00/505.01,GM Dexos 2,BMW Longlife-04STARKRAFT LEO 5w-30 F-Prof инновационное синтетическое всесезонное моторное масло нового поколения, изготовленное по технологии Low SAPS (с низким содержанием сульфатной золы, фосфора и серы).STARKRAFT LEO 5w-30 F-Prof предназначено для самых современных бензиновых и дизельных двигателях легковых автомобилей, внедорожников и микроавтобусов, оборудованных турбонаддувом и системой «Common Rail», а также новейшими системами нейтрализации отработанных газов и сажевым фильтром (DPF- Diesel Particulate Filter).TARKRAFT LEO 5w-30 F-Prof рекомендуется применять при сложных условиях эксплуатации (город, шоссе, автомагистраль). Подходит для всех стилей вождения, включая спортивный, и высоких скоростей.ПРЕИМУЩЕСТВА:· Малозольный пакет присадок Low SAPS обеспечивает надежную работу и защиту системам нейтрализации отработанных газов и сажевых фильтров (DPF- Diesel Particulate Filter) в дизельных двигателях и бензиновых каталитических нейтрализаторов.· Отличные антифрикционные свойства способствуют экономии топлива.· Улучшенные эксплуатационные свойства обеспечивают максимальную защиту и холодный запуск двигателя даже при очень низких температурах эксплуатации.· Гарантирует надежную смазку деталей двигателя, что продлевает срок его службы, даже при длительной работе в режиме максимальных скоростей и нагрузок.· Превосходные моющие и противоизносные свойства увеличивают ресурс работы, предотвращая образованные отложения в двигателе.· Высокая термическая стабильность замедляет процесс старения масла и гарантирует надежную работу двигателя при напряженном режиме работы.· Масло обладает значительным запасом эксплуатационных свойств.  Показать полностью]]>  </text>
</doc>
