<?xml version="1.0" ?>
<doc href="https://www.ozon.ru/context/detail/id/141242569/">
  <title>Масло моторное &quot;Nissan&quot;, полусинтетическое, класс вязкости 10W-40, 5 л</title>
  <category href="/category/avtomobilnye-motornye-masla-34118/">Автомобильные моторные масла</category>
  <price>2 192 ₽</price>
  <text>
<![CDATA[Описание  Моторное масло "Nissan" - оригинальное моторное масло для современных многоклапанных бензиновых и дизельных двигателей с гидрокомпенсаторами (включая турбированные), устанавливаемых на автомобили Nissan и Infiniti. Имеет высокие эксплуатационные характеристики, соответствующие самым строгим требованиям и стандартам компании Nissan. Сбалансированная вязкость моторного масла "Nissan" позволяет уменьшить износ деталей двигателя при повышенных нагрузках и гарантирует надежную защиту двигателя даже при экстремально тяжелых условиях эксплуатации. Отличная текучесть масла обеспечивает легкий пуск двигателя даже при низких температурах окружающей среды.Товар сертифицирован.Уважаемые клиенты! Обращаем ваше внимание на то, что упаковка может иметь несколько видов дизайна. Поставка осуществляется в зависимости от наличия на складе.]]>  </text>
</doc>
