<?xml version="1.0" ?>
<doc href="https://www.ozon.ru/context/detail/id/150923654/">
  <title>Моторное масло GULF Arrow GT 20 SAE 0W-20 (4л)</title>
  <category href="/category/avtomobilnye-motornye-masla-34118/">Автомобильные моторные масла</category>
  <price>3 818 ₽</price>
  <text>
<![CDATA[Описание  Gulf Arrow GT-20 – инновационное моторное масло, обеспечивающее экономию топлива и выполняющее строгие экологические нормы.Высокий индекс вязкости и низкая испаряемость благодаря наличию ПАО обеспечивает Gulf Arrow GT-20 лучшую прокачиваемость при низких температурах по сравнению с обычными маслами 0W-20, стабильные вязкостно-температурные свойства. Сниженный до минимума расход масла. Модификаторы вязкости обеспечивают высокопроизводительный индекс вязкости, а также позволяют сохранять прочную масляную пленку при высокой температуре, устойчивость к механическому сдвигу, что способствует защите двигателя и снижает расход масла при жестких условиях эксплуатации. Обеспечивает хороший «холодный» старт, наличие органического молибдена в качестве модификаторов трения и сложных эфиров гарантируют отличные смазочные свойства, уменьшение трения и экономию топлива.За счет отличных антиокислительных свойств увеличивается срок службы масла.СТАНДАРТЫ:  API SN]]>  </text>
</doc>
