<?xml version="1.0" ?>
<doc href="https://www.ozon.ru/context/detail/id/140579274/">
  <title>Масло моторное Motul &quot;8100 X-Max&quot;, синтетическое, 0W-40, 5 л</title>
  <category href="/category/avtomobilnye-motornye-masla-34118/">Автомобильные моторные масла</category>
  <price>4 419 ₽</price>
  <text>
<![CDATA[Описание  Высокотехнологичное 100% синтетическое моторное масло, специально разработанное для последнего поколения мощных бензиновых и дизельных двигателей, в том числе с непосредственным впрыском. Рекомендовано для мощных двигателей BMW, MERCEDES и PORSCHE. Обладает превосходной термоокислительной стабильностью и противоизносными свойствами. Обеспечивает высокие скоростные и мощностные характеристики двигателя.  ACEA Стандарты: ACEA A3/B4 API Стандарты: API SERVICES SN Одобрения: BMW LL-01; MB-Approval 229.5; PORSCHE A40; VW 502 00 / 505 00]]>  </text>
</doc>
