<?xml version="1.0" ?>
<doc href="https://www.ozon.ru/context/detail/id/141905824/">
  <title>Масло моторное ЛУКОЙЛ СУПЕР, полусинтетическое, 10W-40, API SG/CD, 4 л</title>
  <category href="/category/avtomobilnye-motornye-masla-34118/">Автомобильные моторные масла</category>
  <price>776 ₽</price>
  <text>
<![CDATA[Описание  ЛУКОЙЛ СУПЕР - серия высококачественных всесезонных моторных масел на  полусинтетической (SAE 5W-40, 10W-40) и минеральной (SAE 15W-40, 20W- 50) основе.  Предназначены для эксплуатации атмосферных форсированных бензиновых  и дизельных (с умеренным наддувом) двигателей легковых автомобилей,  микроавтобусов и легких грузовиков.   Подходит для автомобилей марок: ЛАДА, АВТОВАЗ, УАЗ, ГАЗ, ЗАЗ:   Одобрено:  ОАО "АВТОВАЗ". ОАО "УМЗ" (SAE 10W-40).  ОАО "ЗМЗ".  Соответствует требованиям:  API SG/CD.  ЛУКОЙЛ СУПЕР рекомендуется для четырехтактных бензиновых и  дизельных двигателей легковых автомобилей и легких автофургонов, в  особенности для форсированных двигателей.   - Обладают высокими антиокислительными и диспергирующими свойствами.   - Предотвращают образование высоко- и низкотемпературных отложений на  деталях двигателя.  - Масла классов вязкости SAE 5W-40, 10W-40 обеспечивают легкий пуск  двигателя при отрицательных температурах при одновременном снижении  пусковых износов.  - Масло класса вязкости SAE 20W-50 обеспечивает сокращение расхода  масла, снижение износа и шумности (особенно для изношенных двигателей)  в условиях работы при повышенных нагрузках и температурах окружающего  воздуха.    Товар сертифицирован.  Показать полностью]]>  </text>
</doc>
