<?xml version="1.0" ?>
<doc href="https://www.ozon.ru/context/detail/id/140372035/">
  <title>Масло моторное Mobil Super 3000 X1 Diesel, синтетическое, класс вязкости 5W-40, 1 л</title>
  <category href="/category/avtomobilnye-motornye-masla-34118/">Автомобильные моторные масла</category>
  <price>520 ₽</price>
  <text>
<![CDATA[Описание  Mobil Super (ТМ) 3000 X1 DIESEL 5W-40 - синтетическое моторное масло, обеспечивающее длительный срок  службы двигателей в автомобилях различных типов и годов выпуска, а также повышенный  уровень их защиты в широком диапазоне температур.   Особенности:  - Надежная защита при повышенных температурах;  - Улучшенные смазывающие свойства при холодном пуске;  - Хорошая чистота двигателя и защита от образований отложений и шлама;  - Защита двигателя от износа.   Сертификации и одобрения:  - ACEA A3/B3, A3/B4,  - MB-Approval 229.3,  - VW 502 00/505 00,  - Peugeot/Citroen Automobiles B71 2296,  - Renault RN0710 / RN0700,  - Opel GM-LL-B-025". Товар сертифицирован.  Проверить оригинальность:  https://original.mobil.ru/]]>  </text>
</doc>
