<?xml version="1.0" ?>
<doc href="https://www.ozon.ru/context/detail/id/141242615/">
  <title>Моторное масло BMW &quot;TwinPower Turbo Longlife-04&quot;, класс вязкости 5W-30, 1 л</title>
  <category href="/category/avtomobilnye-motornye-masla-34118/">Автомобильные моторные масла</category>
  <price>886 ₽</price>
  <text>
<![CDATA[Описание  BMW Longlife-04  BMW TwinPower Turbo Longlife-04 SAE 5W-30 синтетическое моторное масло, созданное на основе технологии GTL. BMW TwinPower Turbo Longlife-04 SAE 5W-30 обеспечивает защиту двигателя на уровне, превосходящем отраслевые стандарты; поддерживает оптимальную чистоту двигателей BMW и позволяет полностью использовать их потенциал; характеризуется улучшенными вязкостно-температурными показателями, обеспечивая высокую топливную экономичность; прошло всесторонние испытания и допущено к применению концерном BMW как всесезонное.]]>  </text>
</doc>
