<?xml version="1.0" ?>
<doc href="https://www.ozon.ru/context/detail/id/141242588/">
  <title>Масло моторное Hyundai Mobis &quot;Super Extra Gasoline&quot;, полусинтетическое, класс вязкости 5W-30, 4 л</title>
  <category href="/category/avtomobilnye-motornye-masla-34118/">Автомобильные моторные масла</category>
  <price>1 507 ₽</price>
  <text>
<![CDATA[Описание  Hyundai Mobis "Super Extra Gasoline" - полусинтетическое моторное масло с улучшенными эксплуатационными характеристиками. Hyundai Mobis "Super Extra Gasoline" содержит тщательно подобранные присадки для достижения оптимальных эксплуатационных характеристик. Масло противодействует отложению сажи и нагара, способствует содержанию двигателя в чистоте и обеспечивает отличное состояние сальников.Товар сертифицирован.]]>  </text>
</doc>
