<?xml version="1.0" ?>
<doc href="https://www.ozon.ru/context/detail/id/143933494/">
  <title>Масло моторное Mobil Delvac MX, минеральное, 15W-40, 4 л</title>
  <category href="/category/avtomobilnye-motornye-masla-34118/">Автомобильные моторные масла</category>
  <price>1 277 ₽</price>
  <text>
<![CDATA[Описание  Mobil Delvac (ТМ) MX 15W-40 - масло с высочайшими эксплуатационными характеристиками для дизельных двигателей, обеспечивающее  отличное смазывание современных двигателей и способствующее продлению их срока службы.   Масло содержит в себе высококачественные базовые масла и сбалансированный пакет присадок, которые: Обеспечивают улучшенное сохранение вязкости и улучшенный показатель прокачиваемости работающего масла. Увеличивают срок службы сальников и уплотнений. Уменьшают образование отложений и препятствуют загущению масла. Обеспечивают уменьшение отложений и нейтрализацию кислот. Соответствует или превосходит требования: - ACEA E7; - Caterpillar ECF-2; - Cummins CES 20077, 20076; - Isuzu DEO (w/o DPD Equipped Vehicles).  Имеет одобрения производителей: - MB-Approval 228.3; - Mack EO-M PLUS / EO-N / EO-M; - Volvo VDS-3; - MAN M3275-1; - Renault Trucks RLD-2; - MTU Oil Category 2; - Kamaz Euro-3,-4 & -5 engines; - Avtodisel YaMZ-6-12.  Показать полностью]]>  </text>
</doc>
