<?xml version="1.0" ?>
<doc href="https://www.ozon.ru/context/detail/id/148324592/">
  <title>Моторное масло G-Energy Synthetic Super Start, 253142400, синтетическое, 5W-30, API SN/CF, ACEA C3, 4 л</title>
  <category href="/category/avtomobilnye-motornye-masla-34118/">Автомобильные моторные масла</category>
  <price>1 350 ₽</price>
  <text>
<![CDATA[Описание  Синтетическое малозольное моторное масло на основе базовых компонентов G-Base с улучшенными низкотемпературными свойствами. Применимо для бензиновых и дизельных двигателей и совместимо с современными системами снижения токсичности выхлопных газов (в том числе c сажевыми фильтрами (DPF) и катализаторами (TWC)). Обеспечивает легкий запуск и надежную защиту двигателя в широком диапазоне температур, в том числе при эксплуатации при низких температурах. Обеспечивает легкий запуск двигателя при использовании в любых климатических зонах, в том числе при низких температурах. Защищает двигатель от низкотемпературных отложений при прогреве двигателя. Предотвращает негативные последствия при запуске двигателя. Обеспечивает плавность и снижение шума работы двигателя на протяжении всего периода работы: от старта до остановки. Совместимо с системами снижения токсичности выхлопных газов за счет пониженной зольности.  Одобрения / Соответствия / Уровень свойств: API SN/CF; ACEA C3; MB 229.52, 229.51; VW 502.00/505.01; BMW Longlife-04; General Motors Dexos 2]]>  </text>
</doc>
