<?xml version="1.0" ?>
<doc href="https://www.ozon.ru/context/detail/id/140372039/">
  <title>Масло моторное Mobil Ultra, полусинтетическое, 10W-40, 4 л</title>
  <category href="/category/avtomobilnye-motornye-masla-34118/">Автомобильные моторные масла</category>
  <price>920 ₽</price>
  <text>
<![CDATA[Описание  Mobil Ultra (ТМ) 10W40 - высококачественное моторное масло для различных  типов бензиновых и дизельных  двигателей, снижает износ двигателей и отличается надежными  показателями при высоких и  низких температурах.   Сертификации и одобрения:  - ACEA A3/B3,  - MB-Approval 229.1".  Товар сертифицирован. Проверить оригинальность:  https://original.mobil.ru/]]>  </text>
</doc>
