<?xml version="1.0" ?>
<doc href="https://www.ozon.ru/context/detail/id/139962648/">
  <title>Масло моторное Liqui Moly &quot;Top Tec 4400&quot;, НС-синтетическое, 5W-30, 1 л</title>
  <category href="/category/avtomobilnye-motornye-masla-34118/">Автомобильные моторные масла</category>
  <price>949 ₽</price>
  <text>
<![CDATA[Описание  Масло моторное Liqui Moly "Top Tec 4400" имеет оригинальный допуск Renault/Nissan. Особо рекомендуется для дизельных двигателей с сажевым фильтром Renault с 2007 модельного года, Nissan - с 2010. HC-синтетическое малозольное (Low SAPS) моторное масло для круглогодичного использования в бензиновых и дизельных двигателях легковых автомобилей.   Рекомендуется для современных дизельных двигателей с многоступенчатым катализатором и сажевым фильтром (DPF). Отлично подходит для использования в автомобилях, переоборудованных под использование природного и сжиженного газа (CNG/LPG).  В моторных маслах Top Tec используются базовые компоненты, произведенные по новейшим технологиям синтеза и отличающиеся высочайшими защитными свойствами. Масла содержат специальный пакет присадок с пониженным содержанием соединений серы, фосфора и хлора, что обеспечивает совместимость со специфическими системами нейтрализации и обеспечивает минимальные выбросы вредных веществ.  Особенности:  - Сокращает вредные выбросы - Совместимо с новейшими системами нейтрализации выхлопных газов - Быстрое поступление масла к трущимся деталям при низких температурах - Высокая защита двигателя от износа - Обеспечивает чистоту двигателя Допуск:  -ACEA: C4 -Renault: RN 0720]]>  </text>
</doc>
