<?xml version="1.0" ?>
<doc href="https://www.ozon.ru/context/detail/id/141242654/">
  <title>Масло моторное Mercedes &quot;MB 229.51&quot;, класс вязкости 5W-30, 5 л</title>
  <category href="/category/avtomobilnye-motornye-masla-34118/">Автомобильные моторные масла</category>
  <price>3 159 ₽</price>
  <text>
<![CDATA[Описание  Оригинальный продукт Mercedes-Benz, выполняет требования спецификаций Mercedes-Benz 229.51. Предназначено для двигателей, которым предписано использование продуктов со спецификациями Mercedes.  Допуски OEM: MB 229.51. Товар сертифицирован.Уважаемые клиенты! Обращаем ваше внимание на то, что упаковка может иметь несколько видов дизайна. Поставка осуществляется в зависимости от наличия на складе.]]>  </text>
</doc>
