<?xml version="1.0" ?>
<doc href="https://www.ozon.ru/context/detail/id/141361874/">
  <title>Масло моторное Bardahl &quot;XTS&quot;, синтетическое, 0W-30, 400 мл</title>
  <category href="/category/avtomobilnye-motornye-masla-34118/">Автомобильные моторные масла</category>
  <price>659 ₽</price>
  <text>
<![CDATA[Описание  Полностью синтетическое моторное масло. Уменьшает трение, устраняет осадок и уменьшает расход топлива. Обладает хорошей общей защитой. Bardahl XTS 5W20 подходит для бензиновых двигателей таких как EcoBoost Ford.   ACEA A1/B1   API SN OEM Ford WSS-M2C948-B]]>  </text>
</doc>
