<?xml version="1.0" ?>
<doc href="https://www.ozon.ru/context/detail/id/140372036/">
  <title>Масло моторное Mobil Super 3000 х1, синтетическое, 5W-40, 4 л</title>
  <category href="/category/avtomobilnye-motornye-masla-34118/">Автомобильные моторные масла</category>
  <price>1 810 ₽</price>
  <text>
<![CDATA[Описание  Mobil Super (ТМ) 3000 X1 5W-40 - синтетическое моторное масло, обеспечивающее длительный срок службы  двигателей в автомобилях различных типов и годов выпуска, а также повышенный уровень их  защиты в широком диапазоне температур.   Особенности:  - Надежная защита при повышенных температурах; - Улучшенные смазывающие свойства при холодном пуске; - Хорошая чистота двигателя и защита от образований отложений и шлака; - Защита двигателя от износа.   Сертификации и одобрения: - ACEA: A3/B3, A3/B4, - AAE (STO 003) Group B6, - MB-Approval 229.3, - VW 502 00/505 00, - BMW Longlife-01, - Porsche A40, - Peugeot/Citroen Automobiles B71 2296, - Renault RN0710 / RN0700, - AVTOVAZ (автомобили "Лада"), - Opel GM-LL-B-025". Товар сертифицирован.]]>  </text>
</doc>
