<?xml version="1.0" ?>
<doc href="https://www.ozon.ru/context/detail/id/168256719/">
  <title>HARTWACHS BMP - Консервирующее средство продолжительного действия (1 л)</title>
  <category href="/category/avtokonservanty-30594/">Автоконсерванты</category>
  <price>1 350 ₽</price>
  <text>
<![CDATA[Описание  Консервирующее средство продолжительного действия.  Степень шлифования: 0 Степень блеска: 9,2  Разработан состав по техническим требованиям Daimler-Zulassung для длительной консервации лакокрасочного покрытия и защиты его при транспортировке и стоянке автомобиля на парковках дилера. Полимер силикона защищает от атмосферных осадков и других загрязнений. Придаёт им устойчивый зеркальный блеск и неповторимую гладкость. Надёжно и быстро удаляет остатки консервантов и следы смолы. Препятствует образованию замутнений и ухудшению внешнего вида автомобиля. Имеет сильное гидрофобное свойство, что позволяет автомобилю в ходе эксплуатации длительно выглядеть чистым. Устойчивая защита на 8-10 мойках автомобиля. Применять от осени до весны.   Рекомендации по применению Несколько раз встряхнуть баллон, нанести, распрыскивая состав через триггер (999003) и разнося его губкой (999038). Микрофибровой салфеткой (999241) обработать поверхность.   Хранение При температуре +15 С до +25 С! Не подвергать заморозке!]]>  </text>
</doc>
