<?xml version="1.0" ?>
<doc href="https://www.ozon.ru/context/detail/id/141242668/">
  <title>Масло моторное &quot;GM&quot;, полусинтетическое, класс вязкости 10W-40, 2 л</title>
  <category href="/category/avtomobilnye-motornye-masla-34118/">Автомобильные моторные масла</category>
  <price>682 ₽</price>
  <text>
<![CDATA[Описание  Моторное масло "GM" - оригинальное моторное масло на полусинтетической основе изготовлено с соблюдением специальной технологии, разработанной автоконцерном General Motors. Превосходные эксплуатационные характеристики продукта позволяют использовать его во многих современных двигателях. Моторное масло особенно рекомендовано для автомобилей Opel, Saab и Chevrolet. Выгодное соотношение цены и качества при строгом контроле производства концерном GM обеспечили автомаслу популярность среди потребителей. Оригинальное масло идеально подходит как для бензиновых, так и для дизельных двигателей и может использоваться как всесезонное.Допуски и спецификации:-API SL/CF,-ACEA A3/B3.Товар сертифицирован.]]>  </text>
</doc>
