<?xml version="1.0" ?>
<doc href="https://www.ozon.ru/context/detail/id/142954415/">
  <title>Масло моторное Gazpromneft Premium GF-5 5W-30 API SN, ILSAC GF-5, синтетическое, 4 л</title>
  <category href="/category/avtomobilnye-motornye-masla-34118/">Автомобильные моторные масла</category>
  <price>1 270 ₽</price>
  <text>
<![CDATA[Описание  Синтетическое энергосберегающее моторное масло для высокофорсированных бензиновых двигателей (как с турбонаддувом, так и без), установленных на легковых автомобилях, джипах, микроавтобусах и легких грузовиках японского, корейского, китайского и американского производства. Обеспечивает экономию топлива за счет использования современных компонентов. Обеспечивает чистоту деталей двигателя (в частности поршня, что подтверждено тестами на соответствие требованиям ILSAC GF-5). Обеспечивает чистоту турбины от различных видов отложений. Отличные антиокислительные свойства обеспечивают повышенный срок службы масла. Совместимо с материалами уплотнений (такими так: полиакрилатная резина, нитрильная резина, кремневая резина, фторуглеродная резина и этилен-акриловая резина). Обладает продленным интервалом применения и обеспечивает эффективную смазку.  Одобрения / Соответствия / Уровень свойств: API SN; ILSAC GF-5.]]>  </text>
</doc>
