<?xml version="1.0" ?>
<doc href="https://www.ozon.ru/context/detail/id/141242634/">
  <title>Масло моторное Mopar &quot;MaxPro&quot;, класс вязкости 5W-30, 946 мл</title>
  <category href="/category/avtomobilnye-motornye-masla-34118/">Автомобильные моторные масла</category>
  <price>560 ₽</price>
  <text>
<![CDATA[Описание  Моторное масло Mopar "MaxPro" - минеральное масло для бензиновых двигателей. Разработано специально для применения в современных бензиновых двигателях автомобилей Chrysler, Jeep и Dodge. Моторное масло Mopar "MaxPro" предназначено для двигателей, где производителем автомобиля предписано использовать масло с вязкостью SAE 5W-30 и спецификацией MS-6395.Товар сертифицирован.]]>  </text>
</doc>
