<?xml version="1.0" ?>
<doc href="https://www.ozon.ru/context/detail/id/139962689/">
  <title>Масло моторное Liqui Moly &quot;Molygen New Generation&quot;, НС-синтетическое, 5W-20, 5 л</title>
  <category href="/category/avtomobilnye-motornye-masla-34118/">Автомобильные моторные масла</category>
  <price>4 329 ₽</price>
  <text>
<![CDATA[Описание  Масло моторное Liqui Moly "Molygen New Generation" - это маловязкое моторное  масло на базе HC-синтетической технологии с фирменным антифрикционным  пакетом присадок Molygen, созданным на основе новейшей технологии  Molecular Friction Control. Для самых современных автомобилей американского и  азиатского рынка, в частности Honda, Toyota, Ford, Chrisler. Экономит до 7%  топлива и существенно продлевает ресурс двигателя. Моторное масло  удовлетворяет самым современным спецификациям API SN и ILSAC GF-5 и имеет  энергосберегающий класс вязкости 5W-20.  Особенности:  - Наивысшая защита от износа - Высочайшие показатели топливной экономии - Быстрое поступление масла ко всем деталям двигателя при низких  температурах - Сокращает эмиссию выхлопных газов - Отличная чистота двигателя - Совместимо с современными системами нейтрализации отработавших газов  бензиновых двигателей - Очень низкий расход масла - Цветовой индикатор утечек, видимый в УФ-лучах  Моторное масло Molygen NG 5W-20 благодаря новейшей формуле MFC  позволяет существенно увеличить ресурс двигателя и сэкономить за счет  снижения расхода топлива. Помогает локализовать утечки.  Соответствия и допуски: - API: SN - ILSAC: GF-5 - Chrysler: MS-6395 - Ford: WSS-M2C945-A/WSS-M2C930-A - GM: GM - Honda: Honda - Hyundai: Hyundai - Kia: Kia - Isuzu: Isuzu - Mazda: Mazda - Mitsubishi: Mitsubishi - Nissan: Nissan - Suzuki: Suzuki - Toyota: Toyota - Subaru: Subaru  Показать полностью]]>  </text>
</doc>
