<?xml version="1.0" ?>
<doc href="https://www.ozon.ru/context/detail/id/139962576/">
  <title>Масло моторное Liqui Moly &quot;Leichtlauf High Tech LL&quot;, НС-синтетическое, 5W-30, 5 л</title>
  <category href="/category/avtomobilnye-motornye-masla-34118/">Автомобильные моторные масла</category>
  <price>3 319 ₽</price>
  <text>
<![CDATA[Описание  Масло моторное Liqui Moly "Leichtlauf High Tech LL" - универсальное моторное масло на базе гидрокрекинговой технологии синтеза (HC-синтеза).  Удовлетворяет современным требованиям международных стандартов API и ACEA, а также имеет оригинальные допуски таких производителей,  как Mercedes-Benz, BMW, Volkswagen Group, Ford. Отлично подходит для двигателей с турбонаддувом, катализаторами и под высокие интервалы  замены. Масло обладает популярнейшим классом вязкости для современных автомобилей.   Особенности:  - быстро смазывает, - снижает трение и износ,  - оптимальное давление масла при всех условиях применения, - гарантирует высокий ресурс, - снижает потребление топлива - снижает потребление масла - проверено на катализаторах и турбонагнетателях, - пригодно к смешиванию с аналогичными моторными маслами, - гарантировано чистый двигатель.  Масло обладает высокой надежностью и ресурсом, поддерживает двигатель в чистоте, что обеспечивает надежную эксплуатацию и увеличение  ресурса двигателя.  Допуск: - API: CF/SL - ACEA: A3/B4 - BMW: Longlife-01 - MB: 229.5 - VW: 502 00/505 00  Соответствие: - Opel: GM-LL-A025/GM-LL-B025  Показать полностью]]>  </text>
</doc>
