<?xml version="1.0" ?>
<doc href="https://www.ozon.ru/context/detail/id/150614386/">
  <title>Моторное масло RAVENOL EFE Extra Fuel Economy SAE 0W-16 (4л)</title>
  <category href="/category/avtomobilnye-motornye-masla-34118/">Автомобильные моторные масла</category>
  <price>5 443 ₽</price>
  <text>
<![CDATA[Описание  Полностью cинтетическое легкотекучее моторное масло с запатентованной технологией Clean-Synto для легковых бензиновых и дизельных двигателей с и без турбонадува и прямым впрыском топлива.Соответствует спецификациям:Honda 08215-99974, 08216-99974, 08232-P99S1LHE, Honda Ultra Next, Ultra Green, Hybrid EngineNissan KLANM-01A04 Extra Save X Eco, Mitsubishi MZ102661, MZ102662, Mitsubishi DiaQueen ECO Plus, Toyota 08880-11005Цвет зеленый.]]>  </text>
</doc>
