<?xml version="1.0" ?>
<doc href="https://www.ozon.ru/context/detail/id/141796649/">
  <title>Масло моторное Motul &quot;300V Power Racing&quot;, класс вязкости: 5W-30, 2 л</title>
  <category href="/category/avtomobilnye-motornye-masla-34118/">Автомобильные моторные масла</category>
  <price>3 187 ₽</price>
  <text>
<![CDATA[Описание  100% синтетическое моторное масло для автоспорта произведено по технологии ESTER Core. Использование: ралли, шоссейно-кольцевые гонки. Обеспечивает превосходную текучесть масла при низкотемпературных пусках, быстрое нарастание давления в системе смазки при высокой температуре, превосходную защиту при высоких оборотах двигателя. Превосходит существующие спортивные стандарты.]]>  </text>
</doc>
