<?xml version="1.0" ?>
<doc href="https://www.ozon.ru/context/detail/id/142954358/">
  <title>Масло моторное синтетика 5w-40 4 л.</title>
  <category href="/category/avtomobilnye-motornye-masla-34118/">Автомобильные моторные масла</category>
  <price>1 251 ₽</price>
  <text>
<![CDATA[Описание  Полностью синтетическое всесезонное моторное масло Gazpromneft Premium  производятся с использованием высококачественных базовых масел и  сбалансированного пакета присадок. Благодаря использованию улучшенных  базовых масел моторное масло обладает: увеличенным сроком службы,  сниженным расходом масла на угар, улучшенными антикоррозионными  свойствами.  Применение импортных технологий, включая базовые масла технологии  VHVI, гарантирует высочайшие эксплуатационные свойства масла  Gazpromneft Premium N 5W-40. Отличные противоизносные свойства  обеспечивают максимальный ресурс эксплуатации двигателя. Обеспечивает  надежную защиту двигателя во всех режимах работы двигателя, включая  предельные. Низкий расход масла на угар за счет специально подобранного  базового масла. Относится к категории масел Long Life в соответствии с  рекомендациями автопроизводителей.  Благодаря превосходным вязкостно-температурным свойствам  обеспечивает надежный запуск двигателя при низких температурах в зимний  период эксплуатации. Одобрения / Соответствия / Уровень свойств: API SN/CF, ACEA A3/B4, MB  229.5, VW 502.00/505.00, Renault RN 0700 / 0710, BMW LL-01, Porsche A40, PSA  B71 2296, GM-LL-B-025, ОАО "АВТОВАЗ".]]>  </text>
</doc>
