<?xml version="1.0" ?>
<doc href="https://www.ozon.ru/context/detail/id/140564901/">
  <title>Масло моторное Shell Helix HX7, 5W-40, полусинтетическое, 4 л</title>
  <category href="/category/avtomobilnye-motornye-masla-34118/">Автомобильные моторные масла</category>
  <price>1 501 ₽</price>
  <text>
<![CDATA[Описание  HX7 5W-40 – это моторное масло, которое помогает обеспечить эффективную работу двигателя. Продукт подходит для легковых автомобилей с бензиновым, дизельным (исключая модели с сажевыми фильтрами) или газовым силовым агрегатом. Кроме того, масло может использоваться в двигателях, работающих на биодизеле либо бензино-этаноловой смеси.  Использование синтетической технологии изготовления позволило достичь высокого уровня эксплуатационных свойств продукта. Среди преимуществ масла можно отметить низкую испаряемость, улучшенные низкотемпературные качества и длительную стойкость к разложению. Продукт эффективно удаляет загрязнения и обеспечивает защиту мотора от износа и поломок в любых условиях эксплуатации.  Допуски и одобрения : [Fiat 9.55535-M2], [Fiat 9.55535-N2], GM LL-A-025, GM LL-B-025, JASO SG+, MB-Approval 229.3, Renault RN0700, Renault RN0710, VW 502.00, VW 505.00  Уважаемые клиенты! Обращаем ваше внимание на то, что упаковка может иметь несколько видов дизайна. Поставка осуществляется в зависимости от наличия на складе.  Проверить оригинальность:  http://www.ac.shell.com]]>  </text>
</doc>
