<?xml version="1.0" ?>
<doc href="https://www.ozon.ru/context/detail/id/139962705/">
  <title>Масло моторное Liqui Moly &quot;Special Tec AA&quot;, НС-синтетическое, 0W-20, 1 л</title>
  <category href="/category/avtomobilnye-motornye-masla-34118/">Автомобильные моторные масла</category>
  <price>929 ₽</price>
  <text>
<![CDATA[Описание  Масло моторное Liqui Moly "Special Tec AA" рекомендуется для автомобилей Honda, Mazda, Mitsubishi, Nissan, Daihatsu, Hyundai, Kia, Isuzu, Suzuki, Toyota, Subaru, Ford, Chrysler, GM.   Современное HC-синтетическое энергосберегающее моторное масло специально предназначено для всесезонного использования в двигателях американских и азиатских автомобилей. Благодаря отличным низкотемпературным свойствам в соответствии с классом вязкости 0W-20 данное масло отлично подходит для новейших двигателей Honda и гибридных автомобилей концерна Toyota, произведенных для японского и американского рынков.  Базовые масла, полученные по технологии синтеза, и новейшие присадки составляют рецептуру моторного масла с отменной защитой от износа, снижающего расход топлива и масла, обеспечивающего чистоту двигателя и максимально быстрое поступление к трущимся деталям.  Особенности:  - Отличные пусковые свойства в мороз - Быстрое поступление масла ко всем деталям двигателя при низких температурах - Высочайшие показатели топливной экономии - Сокращает эмиссию выхлопных газов - Отличная чистота двигателя - Совместимо с новейшими системами нейтрализации отработавших газов бензиновых двигателей  Допуск:  -API: SN -ILSAC: GF-5  Соответствие:  -Chrysler: MS-6395 -Ford: WSS-M2C946-A -GM: 6094 M -Daihatsu: Daihatsu -Honda: Honda -Hyundai: Hyundai -Kia: Kia -Isuzu: Isuzu -Mazda: Mazda -Mitsubishi: Mitsubishi -Nissan: Nissan -Suzuki: Suzuki -Toyota: Toyota -Subaru: Subaru  Показать полностью]]>  </text>
</doc>
