<?xml version="1.0" ?>
<doc href="https://www.ozon.ru/context/detail/id/140372049/">
  <title>Масло моторное Mobil 1 ESP 5W-30 1 л</title>
  <category href="/category/avtomobilnye-motornye-masla-34118/">Автомобильные моторные масла</category>
  <price>809 ₽</price>
  <text>
<![CDATA[Описание  Mobil 1 (TM) ESP 5W-30 - защита системы очистки выхлопных газов и  экономия топлива. Mobil 1 ESP 5W-30 - высокоэффективное полностью синтетическое  моторное масло. Обеспечивает улучшенную экономию топлива  и  низкий расход масла на угар, продлевает срок службы и поддерживает  эффективность систем снижения токсичности выхлопных газов  бензиновых и дизельных автомобилей. Превосходит требования ведущих  производителей автомобильной индустрии.  Особенности:  - Содержит активные очищающие вещества;  - Снижает образование отложений и шлама;  - Увеличивает интервалы замены масла;  - Низкий расход масла на угар;  - Отличные свойства работы при низких температурах.  Спецификации ACEA: C2|C3Спецификации API: CF|SJ|SL|SM|SNСпецификации OEM: GM Dexos 2|MB 229.51|MB 229.52|PORSCHE C30|PSA B 71 2290|VW 502.00|VW 503.00|VW 503.01|VW 504.00|VW 505.00|VW 506.00|VW 507.00 Товар сертифицирован.   Уважаемые клиенты! Обращаем ваше внимание на возможные изменения в дизайне упаковки.  Качественные  характеристики товара остаются неизменными. Поставка осуществляется в  зависимости от  наличия на складе. Проверить оригинальность:  https://original.mobil.ru/  Показать полностью]]>  </text>
</doc>
