<?xml version="1.0" ?>
<doc href="https://www.ozon.ru/product/refreshcockpitcare-matovoe-molochko-antistatik-s-zapahom-vishnevogo-yogurta-1-l-168256787/">
  <title>REFRESHCOCKPITCARE - Матовое молочко, антистатик с запахом вишнёвого йогурта (1 л)</title>
  <category href="/category/avtokonservanty-30594/">Автоконсерванты</category>
  <price>1 280 ₽</price>
  <text>
<![CDATA[Описание  Матовое молочко, антистатик с запахом вишнёвого йогурта  Средство для ухода за пластмассовыми поверхностями внутри салона автомобиля. Поверхностно очищает пластик и придаёт ему матовый натуральный вид, защищает от УФ выгорания и действует как антистатик. Имеет 100% закрепление на поверхности. Препятствует возникновению новых глубоких загрязнений и оседанию пыли, сохраняет ухоженный вид. Лучший результат на гладких поверхностях  Mercedes, BMW, AUDI, Lexus . Имеет одобрение Daimler-Zulassung (Mercedes-Maybach), сертификат P 00.16 - 03.0.   Разведение с водой Применяется чистым.   Рекомендации по применению Небольшое количество состава нанести на губку или распылить на поверхность, растереть губкой или невпитывающей микрофибровой салфеткой. При комплексной уборке салона наносить состав на пластик перед очисткой стёкол. При обработке только внутреннего пластика не распылять возле стекла, а наносить салфеткой или губкой.]]>  </text>
</doc>
