<?xml version="1.0" ?>
<doc href="https://www.ozon.ru/context/detail/id/141361893/">
  <title>Масло моторное Bardahl &quot;XTEC&quot;, синтетическое, 5W-30, 400 мл. 36150</title>
  <category href="/category/avtomobilnye-motornye-masla-34118/">Автомобильные моторные масла</category>
  <price>469 ₽</price>
  <text>
<![CDATA[Описание  Специальное синтетическое масло премиум класса, разработано для бензиновых и дизельных двигателей последнего поколения, оснащенных системами очисти выхлопных газов, которые требуют использования масла LOW-SAPS (с низким содержанием золы, фосфора и серы). Благодаря уникальной формуле, продукт имеет высокую вязкость HTHS и обеспечивает экономию топлива. Этот продукт обеспечивает высочайшую производительность, отличные противоизносные свойства, высокую текучесть при низких температурах и сохраняет стабильную вязкость при ее росте. Идеально для спортивного стиля вождения, благодаря высокой концентрации Polar Plus - Fullerene C60, значительно увеличивает производительность двигателя, защищая его от износа и коррозии.  ACEA C3BMW LL-04MB 229.51Porsche C30VW 504.00/507.00]]>  </text>
</doc>
