<?xml version="1.0" ?>
<doc href="https://www.ozon.ru/product/protectleathercare-sostav-po-uhodu-za-kozhey-500-ml-168256753/">
  <title>PROTECTLEATHERCARE - Состав по уходу за кожей (500 мл)</title>
  <category href="/category/avtokonservanty-30594/">Автоконсерванты</category>
  <price>1 210 ₽</price>
  <text>
<![CDATA[Описание  Высококачественная эмульсия для ухода за всеми кожаными деталями. Придаёт коже мягкость и обновляет цвет, а также усиливает ни с чем несравнимый аромат кожи. Обеспечивает необходимый уход за всеми видами кожи и дарит приятную мягкость на ощупь.]]>  </text>
</doc>
