<?xml version="1.0" ?>
<doc href="https://www.ozon.ru/context/detail/id/140322950/">
  <title>Масло моторное ZIC &quot;X5&quot;, полусинтетическое, класс вязкости 5W-30, API SN, 1 л</title>
  <category href="/category/avtomobilnye-motornye-masla-34118/">Автомобильные моторные масла</category>
  <price>412 ₽</price>
  <text>
<![CDATA[Описание  Полусинтетическое моторное масло для бензиновых двигателей легковых автомобилей.Изготовлено с использованием собственного синтетического базового масла Yubase и сбалансированного пакета присадок. ДОПУСКИGM dexos1 Gen 2СООТВЕТСТВУЕТAPI SN PLUS, SN-RCILSAC GF-5КАК МЫ ПОМОГАЕМ ВАШЕМУ ДВИГАТЕЛЮ• В соответствии с требованиями ILSAC GF-5 и GM dexos1 снижает расход топлива.• Надежно предохраняет пары трения от износа прочной масляной пленкой.• Предотвращает коррозийный износ, нейтрализуя активные кислоты, образующиеся в камере сгорания двигателя.КАЧЕСТВОИзготовлено с использованием собственного синтетического базового масла Yubase и сбалансированного пакета присадок.ВНИМАНИЕ! Дата производства масла ZIC указана на упаковке в формате ГГ.ММ.ДД. (вторая строка под кодом). Первые две цифры - год выпуска. В коде также содержится дата выпуска, инструкция по расшифровке содержится на оборотной стороне канистры.  Показать полностью]]>  </text>
</doc>
