<?xml version="1.0" ?>
<doc href="https://www.ozon.ru/context/detail/id/147612561/">
  <title>Масло моторное ZIC TOP, синтетическое, 5W-30, SN/CF, 1 л. 132901</title>
  <category href="/category/avtomobilnye-motornye-masla-34118/">Автомобильные моторные масла</category>
  <price>669 ₽</price>
  <text>
<![CDATA[Описание  Полностью синтетическое моторное масло для бензиновых и дизельных двигателей современных легковых автомобилей.Изготовлено на основе полиальфаолефинов (ПАО) и собственного синтетического базового масла Yubase+ в сочетании с современным низкозольным пакетом присадок (Low SAPS).ДОПУСКИAPI SNVolkswagen/AUDI/Skoda 504.00/507.00MB-Approval 229.51Porsche C-30СООТВЕТСТВУЕТACEA C3BMW LL-04КАК МЫ ПОМОГАЕМ ВАШЕМУ ДВИГАТЕЛЮ• Превосходно защищает комплексные системы очистки выхлопных газов (DPF, CPF, CAT и др.) автомобилей экологического класса 6 и ниже.• Обеспечивает надежную защиту двигателя от износа даже в условиях повышенных скоростей и нагрузок.• Предотвращает образование отложений в двигателе, нагара на стенках цилиндров и поршней.КАЧЕСТВОИзготовлено на основе полиальфаолефинов (ПАО) и собственного синтетического базового масла Yubase+ в сочетании с современным низкозольным пакетом присадок (Low SAPS).ВНИМАНИЕ! Дата производства масла ZIC указана на упаковке в формате ГГ.ММ.ДД. (вторая строка под кодом). Первые две цифры - год выпуска. В коде также содержится дата выпуска, инструкция по расшифровке содержится на оборотной стороне канистры.  Показать полностью]]>  </text>
</doc>
