<?xml version="1.0" ?>
<doc href="https://www.ozon.ru/context/detail/id/144331006/">
  <title>Масло моторное ENEOS &quot;Super Gasoline&quot;, полусинтетическое, 10W-40, 0,94 л</title>
  <category href="/category/avtomobilnye-motornye-masla-34118/">Автомобильные моторные масла</category>
  <price>485 ₽</price>
  <text>
<![CDATA[Описание  Масло ENEOS "Semi-Synthetic" - полусинтетическое моторное масло, обеспечивает надежную защиту и увеличивает моторесурс двигателя. Оно рекомендуется для применения в четырехтактных бензиновых двигателях легковых машин, микроавтобусах, малотоннажных автофургонах и внедорожниках, включая двигатели с турбонаддувом и многоклапанные двигатели.  Уважаемые клиенты! Обращаем ваше внимание на возможные изменения в дизайне упаковки. Поставка осуществляется в зависимости от наличия на складе.]]>  </text>
</doc>
