<?xml version="1.0" ?>
<doc href="https://www.ozon.ru/context/detail/id/150614382/">
  <title>Моторное масло RAVENOL RRS Racing Rally Synto SAE 5W-50 ( 1л)</title>
  <category href="/category/avtomobilnye-motornye-masla-34118/">Автомобильные моторные масла</category>
  <price>1 400 ₽</price>
  <text>
<![CDATA[Описание  синтетическое легкотекучее моторное масло для современных бензиновых двигателей. Специально разработанно для автогонок также при тяжелых нагрузках.]]>  </text>
</doc>
