<?xml version="1.0" ?>
<doc href="https://www.ozon.ru/context/detail/id/141242558/">
  <title>Масло моторное &quot;Nissan&quot;, синтетическое, класс вязкости 5W-30, 5 л</title>
  <category href="/category/avtomobilnye-motornye-masla-34118/">Автомобильные моторные масла</category>
  <price>2 518 ₽</price>
  <text>
<![CDATA[Описание  Моторное масло "Nissan" - моторное масло с высокими эксплуатационными характеристиками, разработанное для применения в современных двигателях легковых автомобилей и микроавтобусов марки Nissan. Данный продукт обеспечит надежную защиту двигателя при высоких нагрузках. Отличные вязкостные характеристики масла обеспечат облегченный холодный пуск двигателя даже при низких температурах окружающей среды. Применение моторного масла "Nissan" способствует снижению потребления топлива. Для правильного выбора масла в двигатель автомобиля, руководствуйтесь книгой по эксплуатации автомобилем или обратитесь за помощью к специалистам.Классификация вязкости SAE: 5W-30.Классификация по API: SL / CF.Классификация по ACEA: A5 / B5.Товар сертифицирован.]]>  </text>
</doc>
