<?xml version="1.0" ?>
<doc href="https://www.ozon.ru/context/detail/id/142429590/">
  <title>Масло моторное Eurol &quot;Maxence RC&quot;, синтетическое, 10W-60, 4 л</title>
  <category href="/category/avtomobilnye-motornye-masla-34118/">Автомобильные моторные масла</category>
  <price>2 591 ₽</price>
  <text>
<![CDATA[Описание  Моторное масло Eurol "Maxence RC" 10W-60 Полностью синтетическое ультрасовременное моторное масло для бензиновых, LPG и дизельных двигателей легковых автомобилей и легкого коммерческого транспорта. Это моторное масло специально разработано для гонок и ралли. Специальный пакет присадок образует стабильную смазывающую пленку, защищая детали от износа даже при экстремальных нагрузках в условиях спортивной эксплуатации. Обладает высокой стойкостью к окислению и термической стабильностью, эффективно защищает от образования отложений, коррозии и нагара.  API SM/CF ; ACEA A3/B4 (08) ; VW 50000 ; VW 50500 ; MB 229.1]]>  </text>
</doc>
