<?xml version="1.0" ?>
<doc href="https://www.ozon.ru/context/detail/id/150614634/">
  <title>Моторное масло RAVENOL TEG SAE 10W-40 ( 4л)</title>
  <category href="/category/avtomobilnye-motornye-masla-34118/">Автомобильные моторные масла</category>
  <price>2 259 ₽</price>
  <text>
<![CDATA[Описание  Полусинтетическое высоколегированное моторное масло для использования в двигателях, работающих на природном газе.]]>  </text>
</doc>
