<?xml version="1.0" ?>
<doc href="https://www.ozon.ru/context/detail/id/145126992/">
  <title>Моторное масло SHELL Helix HX8 ECT 5W-30, 1 л</title>
  <category href="/category/avtomobilnye-motornye-masla-34118/">Автомобильные моторные масла</category>
  <price>656 ₽</price>
  <text>
<![CDATA[Описание  Масло моторное Shell Helix HX8 создано на основе самых современных технологий для совместимости с системами снижения токсичности выхлопных газов. Позволяет сохранять чистоту сажевых фильтров для поддержания высоких эксплуатационных характеристик двигателя. Помогает уменьшить трение между деталями двигателя для обеспечения повышенной экономии топлива.Спецификации и допуски: API SN; ACEA C3; VW 504.00/507.00; MB 229.31, 229.51.]]>  </text>
</doc>
