<?xml version="1.0" ?>
<doc href="https://www.ozon.ru/context/detail/id/141242652/">
  <title>Моторное масло Mercedes &quot;MB 229.5&quot;, класс вязкости 5W-40, 5 л</title>
  <category href="/category/avtomobilnye-motornye-masla-34118/">Автомобильные моторные масла</category>
  <price>3 135 ₽</price>
  <text>
<![CDATA[Описание  Оригинальный продукт Mercedes-Benz, выполняет требования спецификаций Mercedes-Benz 229.5. Предназначено для двигателей, которым предписано использование продуктов со спецификациями Mercedes. Допуски OEM: MB 229. Товар сертифицирован.]]>  </text>
</doc>
