<?xml version="1.0" ?>
<doc href="https://www.ozon.ru/context/detail/id/147612559/">
  <title>Масло моторное BP Visco 3000, полусинтетическое, 10W-40, SL/CF, 1 л</title>
  <category href="/category/avtomobilnye-motornye-masla-34118/">Автомобильные моторные масла</category>
  <price>424 ₽</price>
  <text>
<![CDATA[Описание  Моторное масло BP Visco 3000 A3/B4 10W-40 предназначено для бензиновых и дизельных двигателей автомобилей, где производитель рекомендует смазочные материалы класса вязкости SAE 10W-40 спецификаций ACEA A3/B3, A3/B4, API SL/CF или более ранних.]]>  </text>
</doc>
