<?xml version="1.0" ?>
<doc href="https://www.ozon.ru/context/detail/id/142954372/">
  <title>Масло моторное Gazpromneft Super 10W-40,API SG/CD, полусинтетическое, 4 л</title>
  <category href="/category/avtomobilnye-motornye-masla-34118/">Автомобильные моторные масла</category>
  <price>840 ₽</price>
  <text>
<![CDATA[Описание  Масло моторное Gazpromneft "Super" 10W-40,API SG/CD производится с использованием высококачественных базовых масел и  сбалансированного пакета присадок. Масло обладает увеличенным сроком службы и сниженным расходом масла на угар.  Хорошие вязкостно-температурные характеристики обеспечивают надежный пуск холодного двигателя, быструю подачу масла к узлам трения в  зимний период эксплуатации, а также эффективное смазывание деталей двигателя при рабочих температурах. Обладает высокой термической и  противоокислительной стабильностью. Имеет улучшенные противоизносные свойства, минимальную склонность к образованию отложений и  шлама.  Обеспечивает защиту деталей двигателя от отложений, износа и коррозии при соблюдении рекомендованных сроков замены масла.]]>  </text>
</doc>
