<?xml version="1.0" ?>
<doc href="https://www.ozon.ru/product/avtokonservant-detail-mc-motor-concervant-1-l-174518182/">
  <title>Автоконсервант Detail MC Motor Concervant, 1 л</title>
  <category href="/category/avtokonservanty-30594/">Автоконсерванты</category>
  <price>900 ₽</price>
  <text>
<![CDATA[Описание  Высокоэффективный консервант для двигателя. Консервирующее средство для обработки подкапотного пространства. Формируемая на поверхности стойкая, эластичная защитная плёнка защищает от коррозии, перепадов температуры, противогололёдных реагентов. Быстро и эффективно вытесняет влагу. Возвращает обработанным деталям первоначальный внешний вид. После полного высыхания предотвращает осаждение грязи, масел и упрощает последующую очистку. Легко проникает в труднодоступные места. Готов к применению.]]>  </text>
</doc>
