<?xml version="1.0" ?>
<doc href="https://www.ozon.ru/context/detail/id/147279101/">
  <title>Моторное масло Eni i-Sint MS, синтетическое, 5W40, SM/CF, ACEA A3/B4/С3, 1 л</title>
  <category href="/category/avtomobilnye-motornye-masla-34118/">Автомобильные моторные масла</category>
  <price>599 ₽</price>
  <text>
<![CDATA[Описание  Еni i-Sint MS 5W-40 это полностью синтетическое моторное масло класса “Mid SAPS” исключительно высокого качества, специально разработанное для смазки бензиновых и дизельных двигателей легковых автомобилей, требующих применения смазочных материалов, производимых по новейшим технологиям.]]>  </text>
</doc>
