<?xml version="1.0" ?>
<doc href="https://www.ozon.ru/product/motorplast-vysokostoykiy-konservant-dvigatelya-1-l-168256651/">
  <title>MOTORPLAST - Высокостойкий консервант двигателя (1 л)</title>
  <category href="/category/avtokonservanty-30594/">Автоконсерванты</category>
  <price>1 290 ₽</price>
  <text>
<![CDATA[Описание  Высокостойкий консервант двигателя.  Служит для восстановления эластичности проводки и её защиты. Данное средство предназ- начено для консервации двигателя и подкапотного пространства после мойки. Состав   плёнкообразователь, имеет хорошее проникновение в скрытые поверхности, чрезвычайно сильный консервант, защищает агрегаты на длительный срок от коррозии и влияния окружающей среды.  Отлично поглощает влагу с любых поверхностей, после высыхания поверхность подкапотного пространства выглядит ухоженной, а цвет пластика и резиновых патрубков становится насыщенным без признаков износа поверхностей. Стойкость к температурам до 250 C, обладает приятным, фруктовым ароматом вишни. Имеет одобрение Gotis   Daimler-Zulassung (Mercedes-Maybach).   Области применения Моторы и агрегаты на любых транспортных средствах: автомобилях, лодках, мотоциклах и т.д.   Разведение с водой Применять чистым.   Расход От 50 до 200 мл на один двигатель.   Рекомендации по применению Предварительно вымытый ДВС с расстояния 20-30 сантиметров тщательно и равномерно обработать составом, распрыскивая его через триггер или накачную помпу. Оставить для просыхания на 20-30 минут. Возможно нанесение на недосушенную поверхность с наличием незначительной влаги.]]>  </text>
</doc>
