<?xml version="1.0" ?>
<doc href="https://www.ozon.ru/context/detail/id/147279075/">
  <title>Моторное масло Eni i-Sint Tech, синтетическое, 0W30, ACEA A5/B5, 1 л</title>
  <category href="/category/avtomobilnye-motornye-masla-34118/">Автомобильные моторные масла</category>
  <price>825 ₽</price>
  <text>
<![CDATA[Описание  Eni i-Sint tech 0W-30 — это современное полностью синтетическое моторное масло с пониженным показателем вязкости в условиях высокой температуры и высокой скорости сдвига (HTHS). Разработано в первую очередь для автомобилей группы VAG (Audi/Volkswagen/Seat/Skoda), оснащенных как бензиновыми, так и дизельными двигателями с системой замены масла LongLife-Service (WIV). Отлично подходит и для других автомобилей с аналогичными требованиями к качеству моторного масла.]]>  </text>
</doc>
