<?xml version="1.0" ?>
<doc href="https://www.ozon.ru/context/detail/id/150108678/">
  <title>Масло моторное синтетическое STARKRAFT HERCULES 10w-40 FD</title>
  <category href="/category/avtomobilnye-motornye-masla-34118/">Автомобильные моторные масла</category>
  <price>8 536 ₽</price>
  <text>
<![CDATA[Описание  ACEA E4-12, E7-12;API CI-4;MB-228.5;MAN M 3377/M 3277;Volvo VDS-3;Renault VI RLD-2/Renault VI RXD;Mack EO-N/Mack EO-M Plus;MTU Type 3;Deutz IV-10;Cummins CES 20078;Global DHD-1;Detroit Diesel 93K215;STARKRAFT HERCULES 10w-40 FD синтетическое моторное масло c наивысшими эксплуатационными характеристиками класса Ultra High Performance Diesel (UHPD).STARKRAFT HERCULES 10w-40 FD предназначено для тяжелонагруженных дизельных двигателей, в том числе с турбонаддувом, работающих в крайне тяжелых условиях эксплуатации (при критических нагрузках, частых и коротких пробегах, в режиме “старт-стоп” и т.п.) и с удлиненными интервалами замены.STARKRAFT HERCULES 10w-40 FD применяется в современных дизельных двигателях автомобилей, автобусов, внедорожной и строительной техники, удовлетворяющих требованиям Euro 3, Euro 4, Euro 5, функционирующих на топливе с высоким содержанием серы и оборудованных системой рециркуляции отработанных газов (EGR) и нейтрализации отработанных газов (SCR), без сажевых фильтров (DPF). Превосходит строгие эксплуатационные требования для двигателей большинства европейских и североамериканских производителей.ПРЕИМУЩЕСТВА:· Отличные низкотемпературные свойства обеспечивают защиту от износа при запуске двигателя при очень низких температурах.· Высокая термическая стабильность препятствует образованию шламов, разложению масла и коррозии, что в свою очередь уменьшает износ двигателя и увеличивает срок его службы.· Превосходные антифрикционные свойства способствуют снижению расхода топлива.· Высокое щелочное число предотвращает образование нагара и других отложений, сохраняя детали двигателя в идеальной чистоте.· Превосходная защита от коррозии.· Обеспечивает прочную масляную пленку и предотвращает полировку стенок цилиндров,даже при самых жестких условиях эксплуатации.· Сверх-длинные интервалы замены.  Показать полностью]]>  </text>
</doc>
