<?xml version="1.0" ?>
<doc href="https://www.ozon.ru/context/detail/id/142954360/">
  <title>Масло моторное Gazpromneft &quot;Premium L&quot;, 5W-30, API SL/CF, ACEA A3/B3, полусинтетическое, 4 л</title>
  <category href="/category/avtomobilnye-motornye-masla-34118/">Автомобильные моторные масла</category>
  <price>1 171 ₽</price>
  <text>
<![CDATA[Описание  Полусинтетическое моторное масло Gazpromneft "Premium L", производится с использованием высококачественных базовых масел и сбалансированного пакета присадок. Благодаря использованию улучшенных базовых масел моторное масло обладает: увеличенным сроком службы, сниженным расходом масла на угар и улучшенными антикоррозионными свойствами, обеспечивают надежную защиту двигателя от износа как при холодном пуске, так и в различных режимах эксплуатации. Высокие моюще-диспергирующие свойства масел обеспечивают повышенную чистоту двигателя, стойкость к образованию отложений всех типов. Соответствуют всем параметрам современных требований API SL/CF, включая требования по расходу масла, испаряемости, отложениям и чистоте цилиндро-поршневой группы.  Одобрения / Соответствия / Уровень свойств: ACEA A3/B3; ОАО «АВТОВАЗ»; Сертифицировано ААИ.]]>  </text>
</doc>
