<?xml version="1.0" ?>
<doc href="https://www.ozon.ru/context/detail/id/139962664/">
  <title>Масло моторное Liqui Moly &quot;Touring High Tech SHPD-Motoroil Basic&quot;, минеральное, 15W-40, 5 л</title>
  <category href="/category/avtomobilnye-motornye-masla-34118/">Автомобильные моторные масла</category>
  <price>1 850 ₽</price>
  <text>
<![CDATA[Описание  Масло моторное Liqui Moly "Touring High Tech SHPD-Motoroil Basic" отвечает требованиям международных классификаций моторных масел как для дизельных, так и для бензиновых двигателей. Отлично подходит для дизельных двигателей тяжелой техники европейских производителей, а также новейших поколений российских грузовиков.   Минеральное моторное масло для использования смешанных парков техники, рассчитанной на использование универсальных масел. Масло гарантирует надежную защиту от износа.  В моторных маслах Touring High Tech используются отборные минеральные базовые масла, отличающиеся отличными защитными свойствами. Масла содержат специальный пакет присадок, что обеспечивает возможность применения как в дизельных, так и в бензиновых двигателях.  Особенности:  - Применимо для смешанных парков техники - Надежная защита двигателя от износа - Обеспечивает чистоту двигателя  Благодаря соответствию требованиям как для дизельных, так и для бензиновых двигателей обеспечивает максимальную универсальность применения.  Допуск:  -API: CH-4/SL -ACEA: A3/B4/B4/E7 -Mack: EO-M Plus -MAN: M 3275-1 -MB: 228.3 -MTU: Typ 2 -Renault: RD-2 -Volvo: VDS-2  Показать полностью]]>  </text>
</doc>
