<?xml version="1.0" ?>
<doc href="https://www.ozon.ru/context/detail/id/139962567/">
  <title>Масло моторное Liqui Moly &quot;Special Tec AA&quot;, НС-синтетическое, 5W-20, 1 л</title>
  <category href="/category/avtomobilnye-motornye-masla-34118/">Автомобильные моторные масла</category>
  <price>899 ₽</price>
  <text>
<![CDATA[Описание  Масло моторное Liqui Moly "Special Tec AA" рекомендуется для автомобилей Honda, Mazda, Mitsubishi, Nissan, Daihatsu, Hyundai, Kia, Isuzu, Suzuki, Toyota, Subaru, Ford, Chrysler, GM. Современное HC-синтетическое энергосберегающее моторное масло специально разработано для всесезонного использования в двигателях американских и азиатских автомобилей. Благодаря классу вязкости 5W-20 данное масло отлично подходит для новейших двигателей Honda, произведенных для японского и американского рынков.  Базовые масла, полученные по технологии синтеза, и новейшие присадки составляют рецептуру моторного масла с отменной защитой от износа, снижающего расход топлива и масла, обеспечивающего чистоту двигателя и максимально быстрое поступление к трущимся деталям.  Особенности:  - Быстрое поступление масла ко всем деталям двигателя при низких температурах - Высочайшие показатели топливной экономии - Сокращает эмиссию выхлопных газов - Отличная чистота двигателя - Совместимо с новейшими системами нейтрализации отработавших газов бензиновых двигателей  Моторное масло Special Tec АА 5W-20 соответствует специальным требованиям азиатских и американских производителей, поэтому его использование позволяет сохранить все гарантийные условия при прохождении ТО соответствующих автомобилей.  Допуск:  - API: SN - ILSAC: GF-5]]>  </text>
</doc>
