<?xml version="1.0" ?>
<doc href="https://www.ozon.ru/context/detail/id/146286845/">
  <title>Масло моторное ROLF Dynamic SAE 10W-40 API SJ/CF, 4 л</title>
  <category href="/category/avtomobilnye-motornye-masla-34118/">Автомобильные моторные масла</category>
  <price>876 ₽</price>
  <text>
<![CDATA[Описание  Полусинтетическое моторное масло ROLF Dynamic 10W-40 SJ/CF для бензиновых и дизельных двигателей легковых автомобилей, в том числе с турбонаддувом. Для всесезонного применения. Использование современной присадочной технологии обеспечивает безупречную чистоту масла и защиту двигателя в течение всего срока службы. Обеспечивает отличную смазку при любых условиях эксплуатации.]]>  </text>
</doc>
