<?xml version="1.0" ?>
<doc href="https://www.ozon.ru/context/detail/id/140322976/">
  <title>Масло моторное ZIC X7 LS, синтетическое, класс вязкости 5W-30, API SN/CF, 4 л. 162619</title>
  <category href="/category/avtomobilnye-motornye-masla-34118/">Автомобильные моторные масла</category>
  <price>1 338 ₽</price>
  <text>
<![CDATA[Описание  Синтетическое моторное для бензиновых, дизельных и газовых двигателей легковых автомобилей, в том числе оборудованных системами турбонаддува и комплексными системами очистки выхлопных газов.Изготовлено на основе собственного синтетического базового масла Yubase и сбалансированного пакета современных присадок с пониженным содержанием зольных соединений, фосфора и серы (Low SAPS). ДОПУСКИMB 229.51BMW Longlife-04GM dexos2СООТВЕТСТВУЕТAPI SN / CFACEA C3КАК МЫ ПОМОГАЕМ ВАШЕМУ ДВИГАТЕЛЮ• Защищает комплексные системы очистки выхлопных газов (DPF, CPF, CAT и др.) автомобилей экологического класса 6 и ниже.• Обладает превосходными моющими свойствами, эффективно удаляет шлам и препятствует образованию отложений на поверхностях двигателя.• Высокая устойчивость к окислению и высокая термическая стабильность.КАЧЕСТВОИзготовлено на основе собственного синтетического базового масла Yubase и сбалансированного пакета современных присадок с пониженным содержанием зольных соединений, фосфора и серы (Low SAPS).ВНИМАНИЕ! Дата производства масла ZIC указана на упаковке в формате ГГ.ММ.ДД. (вторая строка под кодом). Первые две цифры - год выпуска. В коде также содержится дата выпуска, инструкция по расшифровке содержится на оборотной стороне канистры.  Показать полностью]]>  </text>
</doc>
