<?xml version="1.0" ?>
<doc href="https://www.ozon.ru/context/detail/id/142954439/">
  <title>Масло моторное G-Energy Expert L 5W-40, API SL/CF, ACEA A3/B3/B4, полусинтетическое, 4 л</title>
  <category href="/category/avtomobilnye-motornye-masla-34118/">Автомобильные моторные масла</category>
  <price>1 254 ₽</price>
  <text>
<![CDATA[Описание  Полусинтетическое моторное масло, изготовленное с использованием синтетических базовых компонентов и специально подобранной композиции присадок. Обеспечивает надёжную масляную пленку и защиту деталей двигателя от износа при различных условиях эксплуатации (включая работу в условиях низких температур). Увеличенное щелочное число масла повышает способность масла к нейтрализации продуктов, образовавшихся в процессе работы двигателя, предотвращает ускоренное окисление масла и обеспечивает сохранение эксплуатационных свойств на протяжении всего срока службы смазочного материала, в том числе и в двигателях постгарантийных автомобилей. Улучшенные моющее-диспергирующие свойства препятствуют образованию различного рода отложений на деталях двигателя, поддерживая чистоту и обеспечивая максимальный ресурс работы двигателя. Сохраняет стабильные вязкостно-температурные свойства в течение всего срока эксплуатации. За счет хорошей совместимости с различными материалами уплотнений сохраняет их эластичность, снижая тем самым вероятность возникновения утечек масла. Обеспечивает надёжную смазку пар трения при длительной работе на максимальных скоростях и нагрузках. Снижает износ деталей двигателя и обеспечивают защиту двигателя в течение всего срока эксплуатации.  Одобрения / Соответствия / Уровень свойств: ACEA A3/B4, MB 229.1, ОАО «АВТОВАЗ», Сертифицировано ААИ]]>  </text>
</doc>
