<?xml version="1.0" ?>
<doc href="https://www.ozon.ru/context/detail/id/150872615/">
  <title>Моторное масло Mobil 1 x1, 153393, синтетическое, 5W-30, 20 л</title>
  <category href="/category/avtomobilnye-motornye-masla-34118/">Автомобильные моторные масла</category>
  <price>13 139 ₽</price>
  <text>
<![CDATA[Описание  Mobil 1 x1 5W-30 - это полностью синтетическое моторное масло, созданное для того, чтобы двигатель всегда работал как новый. Mobil 1 x1 5W-30 обеспечивает исключительную защиту от износа и чистоту двигателя. Mobil 1 x1 5W-30 соответствует самым строгим стандартам или превосходит их, превосходя также и наши минеральные масла. Масла Mobil 1 могут найти применение практически во всех автомобилях, как в серийных моделях, так и эксклюзивных.]]>  </text>
</doc>
