<?xml version="1.0" ?>
<doc href="https://www.ozon.ru/context/detail/id/141361867/">
  <title>Масло моторное Bardahl &quot;XTС&quot;, полусинтетическое, 10W-40, 5 л</title>
  <category href="/category/avtomobilnye-motornye-masla-34118/">Автомобильные моторные масла</category>
  <price>1 985 ₽</price>
  <text>
<![CDATA[Описание  ACEA A3/B3/B4-8, API SL/CF Energy conserving ( 1.5 % EFEI -SEQ VI -API SH ), MB 229.1, VW 500.00 VW 501.00 VW 505.00.Артикул: 36243Объём: 5 лСтрана: БельгияВязкость при 40°C (cСт) : 90Вязкость при 100°C (сСт) : 13,5Температура самовоспламенения (°C) : 224Температура застывания (°C) : -42Плотность при 15°C : 0,869Индекс вязкости : 152Общее щелочное число (TBN(mg KOH/g) : 10,2Сульфатная зольность (%) : 1,29  Показать полностью]]>  </text>
</doc>
