<?xml version="1.0" ?>
<doc href="https://www.ozon.ru/context/detail/id/147279080/">
  <title>Моторное масло Eni i-Sint, синтетическое, 0W20, API SN, ILSAC GF-5, 5 л</title>
  <category href="/category/avtomobilnye-motornye-masla-34118/">Автомобильные моторные масла</category>
  <price>2 099 ₽</price>
  <text>
<![CDATA[Описание  Еni i-Sint 0W-20 — это современное полностью синтетическое моторное масло, специально разработанное для смазки бензиновых двигателей автомобилей нового поколения. Отлично подходит для гибридных автомобилей.Уважаемые клиенты!Обращаем ваше внимание на возможные изменения в дизайне, связанные с ассортиментом продукции: дизайн упаковки может отличаться от представленного на изображении. Поставка осуществляется в зависимости от наличия на складе]]>  </text>
</doc>
