<?xml version="1.0" ?>
<doc href="https://www.ozon.ru/context/detail/id/147279073/">
  <title>Моторное масло Eni i-Sint, синтетическое, 0W40, API SN, ACEA A3/B4, 5 л</title>
  <category href="/category/avtomobilnye-motornye-masla-34118/">Автомобильные моторные масла</category>
  <price>3 201 ₽</price>
  <text>
<![CDATA[Описание  Eni i-Sint 0W-40 — это полностью синтетическое всесезонное моторное масло последнего поколения, специально разработанное для новейших моделей бензиновых и дизельных двигателей (многоклапанных, оборудованных турбонадувом и катализатором).]]>  </text>
</doc>
