<?xml version="1.0" ?>
<doc href="https://www.ozon.ru/context/detail/id/140690122/">
  <title>Моторное масло Total &quot;Quartz 9000 5w40&quot;, 1 л</title>
  <category href="/category/avtomobilnye-motornye-masla-34118/">Автомобильные моторные масла</category>
  <price>609 ₽</price>
  <text>
<![CDATA[Описание  Total Quartz 9000 5w-40 особенно рекомендовано для применения в двигателях с турбонаддувом,  включая инжекторные и многоклапанные. Масло обеспечивает высокие эксплуатационные  свойства в условиях высоких нагрузок при вождении по автостраде и в городе, в любое время  года. Total Quartz 9000 5w-40 прекрасно подходит для автомобилей, оснащенных катализаторами  и использующих этилированный бензин или сжиженный газ.  Благодаря синтетической технологии изготовления Total Quartz 9000 5w-40 обеспечивает  увеличенный интервал замены из-за исключительной стойкости к окислению.  Total Quartz 9000 5w-40 превосходно обеспечивает смазывание пар трения при холодном пуске  двигателя и экономию топлива благодаря исключительной легкотекучести при низких  температурах. Из-за высокой термической стабильности образует сверхпрочную масляную пленку  при высоких температурах.  Total Quartz 9000 5w-40 защищает пары трения и полностью сохраняет мощность двигателя,  обеспечивая длительную работоспособность Total Quartz 9000 5w-40 сохраняет в чистоте  наиболее чувствительные части двигателя, благодаря выкотехнологичным моющим и  диспергирующим присадкам. Спецификации/допуски: API SJ/CF, ACEA A3-98/B3-98; PSA PSA Peugeot Citroen Gasoline & Diesel,  Valkswagen 502.00/505.00 (01/97), Mersedes Benz 229.1, BMW Longlife Oil.]]>  </text>
</doc>
