<?xml version="1.0" ?>
<doc href="https://www.ozon.ru/context/detail/id/140322981/">
  <title>Масло моторное ZIC X9, синтетическое, класс вязкости 5W-40, API SN/CF, 4 л. 162902</title>
  <category href="/category/avtomobilnye-motornye-masla-34118/">Автомобильные моторные масла</category>
  <price>1 660 ₽</price>
  <text>
<![CDATA[Описание  Полностью синтетическое моторное масло для бензиновых и дизельных двигателей легковых автомобилей.Изготовлено на основе собственного синтетического базового масла Yubase+ и современного пакета присадок.ДОПУСКИVolkswagen/AUDI/Skoda 502.00/505.00MB-Approval 229.5Renault RN 0700/0710Porsche A-40PSA B71 2296СООТВЕТСТВУЕТACEA A3/B3/B4MB 229.3, 226.5BMW LL-01КАК МЫ ПОМОГАЕМ ВАШЕМУ ДВИГАТЕЛЮ• Обеспечивает сохранение превосходных эксплуатационных свойств и надежную защиту двигателя даже при увеличенных интервалах замены.• Синтетическая основа обеспечивает низкую испаряемость масла и минимизирует его расход, а также предотвращает образование нагаров и отложений в двигателе.• Широкий температурный диапазон применения.КАЧЕСТВОИзготовлено на основе собственного синтетического базового масла Yubase+ и современного пакета присадок.ВНИМАНИЕ! Дата производства масла ZIC указана на упаковке в формате ГГ.ММ.ДД. (вторая строка под кодом). Первые две цифры - год выпуска. В коде также содержится дата выпуска, инструкция по расшифровке содержится на оборотной стороне канистры.  Показать полностью]]>  </text>
</doc>
