<?xml version="1.0" ?>
<doc href="https://www.ozon.ru/context/detail/id/141361888/">
  <title>Масло моторное Bardahl &quot;XTEC&quot;, синтетическое, 5W-30, C3, 5 л. 36303</title>
  <category href="/category/avtomobilnye-motornye-masla-34118/">Автомобильные моторные масла</category>
  <price>3 433 ₽</price>
  <text>
<![CDATA[Описание  Синтетическое моторное масло c использованием технологии экономии топлива, с средним уровнем содержания сульфатной золы, фосфора и серы Mid SAPS, изготовленное из добавок последнего поколения. Масла BARDAHL XTEC 5W30 C3 специально разработаны для автомобилей, оборудованных сажевым фильтром (DPF), соответствующие нормам Евро IV и V. имеет высокий индекс HTHS, гарантируют отличную защиту. Особенно рекомендованы для последнего поколения BMW, Mercedes, Porsche, VW, Audi, Seat, Skoda дизельных двигателей или бензиновых, требующих смазки ACEA C3.]]>  </text>
</doc>
