<?xml version="1.0" ?>
<doc href="https://www.ozon.ru/context/detail/id/140564905/">
  <title>Моторное масло Shell Helix Ultra Diesel, синтетическое, 5W-40, 4 л</title>
  <category href="/category/avtomobilnye-motornye-masla-34118/">Автомобильные моторные масла</category>
  <price>2 546 ₽</price>
  <text>
<![CDATA[Описание  Полностью синтетическое моторное масло  Shell Helix Ultra Diesel 5w40 CF для современных  дизельных двигателей, созданное на основе  уникальной технологии Shell PurePlus.  Разработано для двигателей с турбонаддувом, с промежуточным охлаждением, с прямым  впрыском топлива.Допуски и одобрения  BMW LL-01, [Fiat 9.55535-Z2], MB-Approval 226.5, MB-Approval 229.5, Renault RN0710, VW 505.00  Уважаемые клиенты! Обращаем ваше внимание на то, что упаковка может иметь несколько видов  дизайна.  Поставка осуществляется в зависимости от наличия на складе.  Проверить оригинальность:  http://www.ac.shell.com]]>  </text>
</doc>
