<?xml version="1.0" ?>
<doc href="https://www.ozon.ru/context/detail/id/140893170/">
  <title>Моторное масло MANNOL &quot;Diesel Turbo&quot;, 5W-40, API CI-4/SL, синтетическое, 5 л</title>
  <category href="/category/avtomobilnye-motornye-masla-34118/">Автомобильные моторные масла</category>
  <price>1 664 ₽</price>
  <text>
<![CDATA[Описание  Моторное масло Mannol "Diesel Turbo" 5W40 - всесезонное моторное масло, разработанное для современных высокофорсированных турбодизельных инжекторных двигателей. Обеспечивает высокую прокачиваемость при холодном старте. Обладает оптимальной вязкостью в широком диапазоне температур. Эффективно защищает от износа. Обеспечивает исключительную чистоту деталей двигателя. Применимо также для бензиновых двигателей. Допуски и соответствия ACEA B4/A3, VW 502.00/505.00.]]>  </text>
</doc>
