<?xml version="1.0" ?>
<doc href="https://www.ozon.ru/context/detail/id/141905827/">
  <title>Масло моторное ЛУКОЙЛ АВАНГАРД, полусинтетическое, SAE 10W-40, API CF-4/SG, 5 л</title>
  <category href="/category/avtomobilnye-motornye-masla-34118/">Автомобильные моторные масла</category>
  <price>1 098 ₽</price>
  <text>
<![CDATA[Описание  ЛУКОЙЛ АВАНГАРД SAE 10W-40 - универсальное высококачественное всесезонное моторное масло, предназначенное для эксплуатации высокооборотных четырехтактных тяжело нагруженных атмосферных и турбированных дизельных двигателей грузовых и легковых автомобилей отечественного и зарубежного производства, а также высокофорсированных безнаддувных бензиновых двигателей.   Подходит для автомобилей марок: КАМАЗ, УАЗ, ЗИЛ, МАЗ, УРАЛ, ПАЗ, ГАЗ.  Масло производится на основе высокоочищенных минеральных и современных синтетических базовых масел с использованием тщательно сбалансированного пакета присадок.  Масла ЛУКОЙЛ АВАНГАРД SAE выпускаются в классах вязкости SAE 10W-30, 10W-40, 15W-40 и 20W-50.   Одобрено:  ПАО "КАМАЗ" Euro-2  Соответствует требованиям:  API CF-4/SG    Товар сертифицирован.]]>  </text>
</doc>
