<?xml version="1.0" ?>
<doc href="https://www.ozon.ru/context/detail/id/140372011/">
  <title>Масло моторное Mobil 1 FS 5W-40 4 л.</title>
  <category href="/category/avtomobilnye-motornye-masla-34118/">Автомобильные моторные масла</category>
  <price>2 533 ₽</price>
  <text>
<![CDATA[Описание  Mobil 1 FS x1 5W-40 - Защита двигателя и увеличение интервала замены масла Mobil 1 FS x1 5W-40 - полностью синтетическое моторное масло с улучшенными эксплуатационными свойствами, предназначенное для  обеспечения исключительных моющих свойств. Рекомендовано для применения в двигателях с высокими эксплуатационными  характеристиками в легковых автомобилях Volkswagen, Audi, Skoda, Porsche, Mercedes Benz и других. Особенности:  - Превосходная защита двигателя, способствует предотвращению накапливания вредных  отложений;  - Улучшенная технология очистки для легковых автомобилей с высоким пробегом - более  100 000 км; - Улучшенная защита при нестабильном качестве топлива; - Защита двигателя при пуске в условиях холодных температур.  Масло Mobil 1 FS x1 5W-40 превосходит следующие требования или соответствует им:  API SN, SM, SL, SJ  ACEA A3/B3, A3/B4  Масло Mobil 1 FS x1 5W-40 имеет следующие одобрения производителей оборудования:  Одобрение MB 229.1/229.3  VW 502 00/505 00  PORSCHE A40 Уважаемые клиенты!Обращаем ваше внимание на возможные изменения в дизайне упаковки. Качественные характеристики товара остаются неизменными. Поставка осуществляется в зависимости от наличия на складе.Проверить оригинальность:  https://original.mobil.ru/  Показать полностью]]>  </text>
</doc>
