<?xml version="1.0" ?>
<doc href="https://www.ozon.ru/context/detail/id/150614629/">
  <title>Моторное масло RAVENOL RSE Racing Sport Ester SAE10W-50 ( 4л)</title>
  <category href="/category/avtomobilnye-motornye-masla-34118/">Автомобильные моторные масла</category>
  <price>5 903 ₽</price>
  <text>
<![CDATA[Описание  Полностью синтетическое легкотекучее моторное масло для современных бензиновых двигателей. Специально разработанно для автогонок также при тяжелых нагрузках.]]>  </text>
</doc>
