<?xml version="1.0" ?>
<doc href="https://www.ozon.ru/context/detail/id/142954386/">
  <title>Масло моторное Gazpromneft &quot;Diesel Premium&quot;, 15W-40, API CI-4/SL, ACEA E7, A3/B4, минеральное, 4 л</title>
  <category href="/category/avtomobilnye-motornye-masla-34118/">Автомобильные моторные масла</category>
  <price>841 ₽</price>
  <text>
<![CDATA[Описание  Всесезонное универсальное минеральное моторное масло Gazpromneft "Diesel Premium", производится с использованием высококачественных базовых масел и сбалансированного пакета присадок. Совместимо с системами снижения токсичности отработавших газов (SCR, EGR). Относится к категории масел SHPD (Super High Perfomance Diesel), предназначенных для современных мощных и скоростных дизелей, со значительно продленным интервалом замены. Разработаны в соответствии с экологическими нормами Евро-4, заменяют масла групп API CH-4, CG-4, CF-4. Обеспечивают максимальную мощность двигателя за счет применения базовых масел с увеличенным индексом вязкости и оптимальных антифрикционных свойств. Благодаря улучшенной термоокислительной стабильности не происходит изменение эксплуатационных характеристик моторных масел в течение всего срока использования. Образование стабильной и прочной масляной пленки на деталях двигателя предотвращает износ в широком интервале температур и продлевает срок службы двигателя. Использование сбалансированной композиции улучшенных базовых масел с пониженной испаряемостью и наличия высокоэффективных моюще-диспергирующих присадок, масла обеспечивают защиту двигателя от образования как высоко-, так и низкотемпературных отложений в двигателе, поддерживая чистоту двигателя в течение всего срока службы масла. Одобрения / Соответствия / Уровень свойств: API CI-4/SL; ACEA E7; Deutz DQC III; Volvo VDS-3; Renault Trucks RLD/RLD-2; Mack EO-N/EO-M Plus; MTU Cat.2; MAN M3275-1; Cummins CES 20076/77/78; Caterpillar ECF-1а/ECF-2; Global DHD-1; ПАО «КАМАЗ»; ПАО «Автодизель» (ЯМЗ).]]>  </text>
</doc>
