<?xml version="1.0" ?>
<doc href="https://www.ozon.ru/context/detail/id/150614389/">
  <title>Моторное масло RAVENOL HPS SAE 5W-30 (4л)</title>
  <category href="/category/avtomobilnye-motornye-masla-34118/">Автомобильные моторные масла</category>
  <price>1 640 ₽</price>
  <text>
<![CDATA[Описание  Полуcинтетическое высококачественное легкотекучее моторное масло с запатентованной технологией Clean-Synto для легковых бензиновых и дизельных двигателей с и без турбонаддува и прямым впрыском топлива.]]>  </text>
</doc>
