<?xml version="1.0" ?>
<doc href="https://www.ozon.ru/context/detail/id/144331016/">
  <title>Масло моторное ENEOS &quot;Ecostage&quot;, синтетическое, 0W-20, 4 л</title>
  <category href="/category/avtomobilnye-motornye-masla-34118/">Автомобильные моторные масла</category>
  <price>1 967 ₽</price>
  <text>
<![CDATA[Описание  Eneos "Ecostage Fully Synthetic Motor Oil SAE 0W-20" - 100% синтетическое масло для бензиновых двигателей нового поколения автомобилей американского, японского, корейского, европейского и российского производства, в том числе с турбонаддувом. Произведено на основе уникальных топливно-энергосберегающих технологий, позволяющих снизить расход топлива при движении в режиме городского цикла.  - Содержит эксклюзивный пакет присадок, производства JX Nippon Oil Energy, Япония.  - Обладает оптимальными температурными характеристиками, имеет высокие антиокислительные и энергосберегающие свойства.  08880-10503, 4562374690639, XA 20567, 08217-99977, 08880-09203. API SN/RC ILSAC GF-5.]]>  </text>
</doc>
