<?xml version="1.0" ?>
<doc href="https://www.ozon.ru/context/detail/id/144371867/">
  <title>Масло моторное IDEMITSU &quot;ZEPRO TOURING&quot;, синтетическое, 5W-30, API SN/GF, 1 л</title>
  <category href="/category/avtomobilnye-motornye-masla-34118/">Автомобильные моторные масла</category>
  <price>730 ₽</price>
  <text>
<![CDATA[Описание  Масло моторное IDEMITSU "ZEPRO TOURING" - синтетическое энергосберегающее моторное масло для современных бензиновых двигателей, в том числе с турбонаддувом. Данный продукт произведен на основе синтетического базового масла с использованием запатентованной технологии Idemitsu Коsan Со. Ltd, благодаря чему обладает превосходными смазывающими характеристиками при высоких температурах и низким осадкообразованием. Обеспечивает надежную защиту современных двигателей легковых автомобилей, микроавтобусов и внедорожников.]]>  </text>
</doc>
