<?xml version="1.0" ?>
<doc href="https://www.ozon.ru/context/detail/id/141242559/">
  <title>Моторное масло Mitsubishi &quot; API SM, ILSAC GF-5&quot;, синтетическое, класс вязкости 0w30, 1 л</title>
  <category href="/category/avtomobilnye-motornye-masla-34118/">Автомобильные моторные масла</category>
  <price>695 ₽</price>
  <text>
<![CDATA[Описание  Высококачественное энергосберегающее синтетическое моторное масло, обладает высокими противоизносными свойствами. Благодаря  изначальной малой вязкости, обеспечивает следующие преимущества: увеличение КПД двигателя и экономия топлива - в отличие от  традиционных моторных масел, обладающих высокой вязкостью, маловязкое масло Mitsubishi Motors не отнимает у двигателя много энергии (а  соответственно – топлива) на его прокачку по масляной системе. Превосходный «холодный пуск» - благодаря использованию современных  синтетических базовых компонентов и высокоэффективных присадок, маловязкое масло сохраняет хорошую текучесть при низких температурах,  что гарантирует отсутствие проблем с пуском двигателя даже в самую холодную зиму. Великолепная защита двигателя – маловязкое масло  быстро циркулирует по масляной системе ДВС, эффективно смазывая, очищая и отводя излишнее тепло из всех, даже самых труднодоступных  частей двигателя. Уникальные пакеты современных присадок обеспечивают непревзойдённую защиту всех трущихся поверхностей, образуя  прочные масляные плёнки на трущихся поверхностях. Рекомендуется для использования в бензиновых двигателях следующих моделей  автомобилей Mitsubishi: Pajero IV, Pajero Sport, ASX, Outlander, Lancer, Colt и Grandis.]]>  </text>
</doc>
