<?xml version="1.0" ?>
<doc href="https://www.ozon.ru/context/detail/id/141905812/">
  <title>Масло моторное ЛУКОЙЛ ЛЮКС, синтетическое SAE 5W-40, API SN/CF, 4 л</title>
  <category href="/category/avtomobilnye-motornye-masla-34118/">Автомобильные моторные масла</category>
  <price>1 405 ₽</price>
  <text>
<![CDATA[Описание  ЛУКОЙЛ ЛЮКС синтетическое SAE 5W-40, API SN/CF - всесезонное полностью синтетическое моторное масло уровня эксплуатационных свойств API SN/CF, ACEA A3/B4, разработанное на основе высококачественного синтетического базового масла с применением передовых технологий присадок.  Подходит для автомобилей марок: AUDI, CHERY, CITROEN, GEELY, GREAT WALL, HYUNDAI, KIA, LIFAN, MERCEDES-BENZ, MINI, MITSUBISHI, NISSAN, PEUGEOT,  RENAULT, SEAT, SKODA, SSANGYONG, SUBARU, SUZUKI, TOYOTA, VOLKSWAGEN, ЛАДА.   Одобрено:  API SN - лицензировано (API №2523)  MB-Approval 229.5  Renault RN 0700 / 0710  ОАО "АВТОВАЗ" VW 502 00 / 505 00  Соответствует требованиям:  API CF ACEA A3/B4 PSA B71 2296 FIAT 9.55535-N2, 9.55535-Z2   ЛУКОЙЛ ЛЮКС синтетическое SAE 5W-40, API SN/CF предназначено для применения в современных легковых автомобилях с бензиновыми и дизельными двигателями (без сажевых фильтров), в том числе оборудованных турбонаддувом.   - Улучшенные низкотемпературные свойства обеспечивают надежную защиту двигателя в суровых зимних условиях.  - Предотвращает образование высоко- и низкотемпературных отложений в двигателе.  - Обеспечивает превосходную защиту двигателя от износа.  - Адаптировано для режима движения старт/стоп и условий городского трафика.    Товар сертифицирован.  Показать полностью]]>  </text>
</doc>
