<?xml version="1.0" ?>
<doc href="https://www.ozon.ru/context/detail/id/149666508/">
  <title>Моторное масло ENEOS Premium Diesel, синтетическое, CI-4, 5W-40, 1 л</title>
  <category href="/category/avtomobilnye-motornye-masla-34118/">Автомобильные моторные масла</category>
  <price>651 ₽</price>
  <text>
<![CDATA[Описание  Стандартизация и спецификация: API CI-4. Полностью синтетическое моторное масло для высокооборотных четырехтактных дизельных двигателей. Оборудованных системой Common Rail, в том числе турбонаддувом. Рекомендуется для автомобилей японского, корейского, американского, европейского и российского производства. Обеспечивает увеличенный интервал замены масла. Оптимизировано для работы при высоких нагрузках.]]>  </text>
</doc>
