<?xml version="1.0" ?>
<doc href="https://www.ozon.ru/context/detail/id/140322953/">
  <title>Масло моторное ZIC X5, полусинтетическое, класс вязкости 10W-40, API SN, 4 л. 162622</title>
  <category href="/category/avtomobilnye-motornye-masla-34118/">Автомобильные моторные масла</category>
  <price>943 ₽</price>
  <text>
<![CDATA[Описание  Полусинтетическое моторное масло для бензиновых двигателей легковых автомобилей.Изготовлено с использованием собственного синтетического базового масла Yubase и сбалансированного пакета присадок. СООТВЕТСТВУЕТAPI SN PLUSКАК МЫ ПОМОГАЕМ ВАШЕМУ ДВИГАТЕЛЮ• Надежно предохраняет пары трения от износа прочной масляной пленкой.• Высокие моющие и диспергирующие свойства обеспечивают чистоту двигателя.• Предотвращает коррозийный износ, нейтрализуя активные кислоты.КАЧЕСТВОИзготовлено с использованием собственного синтетического базового масла Yubase и сбалансированного пакета присадок.ВНИМАНИЕ! Дата производства масла ZIC указана на упаковке в формате ГГ.ММ.ДД. (вторая строка под кодом). Первые две цифры - год выпуска. В коде также содержится дата выпуска, инструкция по расшифровке содержится на оборотной стороне канистры.]]>  </text>
</doc>
