<?xml version="1.0" ?>
<doc href="https://www.ozon.ru/context/detail/id/168256695/">
  <title>TOP STAR - Молочко для ухода за пластмассовыми поверхностями (1 л)</title>
  <category href="/category/avtokonservanty-30594/">Автоконсерванты</category>
  <price>1 280 ₽</price>
  <text>
<![CDATA[Описание  Молочко для ухода за пластмассовыми поверхностями. Антистатик.  Средство премиум-класса для глубокого очищения и обновления пластмассовых и резиновых поверхностей внутри салона автомобиля. Поверхностно очищает пластик, поддерживает его эластичность и придаёт ему матовый натуральный вид, защищает от УФ выгорания и действует как антистатик. Имеет 100% закрепление на поверхности. Лучший результат на гладких поверхностях  Mercedes, BMW, AUDI . Имеет одобрение Daimler Zulassung (Mercedes-Maybach), сертификат P 00.16   03.0.   Области применения Автотранспорт, коммерческий транспорт, бытовое применение.   Разведение с водой Применяется чистым.   Рекомендации по применению Небольшое количество состава нанести на губку или распылить на поверхность, растереть губкой или невпитывающей микрофибровой салфеткой. При комплексной уборке салона наносить состав на пластик перед очисткой стёкол. При обработке только внутреннего пластика не распылять возле стекла, а наносить салфеткой или губкой.]]>  </text>
</doc>
