<?xml version="1.0" ?>
<doc href="https://www.ozon.ru/context/detail/id/168331651/">
  <title>CABRIODACH-VERSIEGELUNG - Консервант,гидрофобный состав для обработки любых тканевых поверхностей (400 мл)</title>
  <category href="/category/avtokonservanty-30594/">Автоконсерванты</category>
  <price>2 380 ₽</price>
  <text>
<![CDATA[Описание  Гидрофобный состав для обработки любых тканевых поверхностей.  Особенность этого продукта заключается не только в придании водоотталкивающего эффекта, но и в возврате поверхности первоначального цвета и сочности красок. Этот эффект достигается благодаря высококачественным органическим фторовым смолам. Возврат цвета   это немаловажно для тканевых крыш кабриолетов, которые со временем тускнеют и выцветают.   Области применения Состав разработан для надежной защиты текстиля от сырости и грязи в салоне и крыши кабриолета. Так же это средство можно применять для обработки садовой мебели, обуви, лодочных тентов, тканевых навесов, палаток.   Разведение с водой Применять чистым.   Рекомендации по применению Перед нанесением обрабатываемую поверхность тщательно промыть одним из составов: MERZWECKREINIGER (86011), MULTI STAR (211033), POL STAR (92005). Удалить остатки моющих средств водой и просушить поверхность. Нанести состав с расстояния 30 40 см. Дать просохнуть в течение одного часа.]]>  </text>
</doc>
