<?xml version="1.0" ?>
<doc href="https://www.ozon.ru/context/detail/id/139962635/">
  <title>Масло моторное Liqui Moly &quot;Synthoil Longtime Plus&quot;, синтетическое, 0W-30, 1 л</title>
  <category href="/category/avtomobilnye-motornye-masla-34118/">Автомобильные моторные масла</category>
  <price>1 729 ₽</price>
  <text>
<![CDATA[Описание  Масло моторное Liqui Moly "Synthoil Longtime Plus" - специальный продукт для автомобилей VW с двигателями R5 TDI и V10 TDI выпуска до 06.2006 (для других двигателей - Top Tec 4200).   100% ПАО-синтетическое всесезонное масло, специально разработанное под особые требования Volkswagen Group. Подходит для использования в бензиновых и дизельных автомобилях с турбонаддувом и без него. Значительно снижает расход топлива и одновременно повышает ресурс двигателя.  Комбинация синтетической базы и передовых технологий в области разработок присадок гарантирует низкую вязкость масла при низких температурах, высокую надежность масляной пленки. Масло предотвращает образование отложений в двигателе, снижает трение и защищает от износа.  Особенности:  - Очень высокие показатели по экономии топлива - Быстрое поступление масла к деталям двигателя при низких температурах - Отличная чистота двигателя - Очень высокая защита от износа и надежность смазывания - Снижает потери на трение в двигателе - Очень низкие потери масла на испарение - Оптимизировано для турбодизельных двигателей VW R5 TDI и V10 TDI выпуска до 06.2006  Допуск:  -ACEA: A1/B1/A5/B5  Соответствие:  -VW: 503 00/506 00/506 01]]>  </text>
</doc>
