<?xml version="1.0" ?>
<doc href="https://www.ozon.ru/context/detail/id/167496385/">
  <title>Кондиционер,консервант для кожи </title>
  <category href="/category/avtokonservanty-30594/">Автоконсерванты</category>
  <price>546 ₽</price>
  <text>
<![CDATA[Описание  Импрегнирующий восстановительный продукт для поверхности изношенной кожи. Предназначен для усиления гладкости поверхности, восстановления цвета, создания гидрофобного слоя. Применяется только для натуральной, не матовой кожи. Кожа защищена на длительный срок от влаги и грязи. Состав имеет повышенную текучесть, что значительно уменьшает расход продукта. Способ применения. Нанести небольшое количество на губку и равномерно разнести по обрабатываемой поверхности. Дать составу впитаться и закрепиться 3-5 минут. При необходимости процесс повторить.Применять на Кожаной мебели, Кожаных куртках, "Косухах" для байкеров, в салоне автомобиля]]>  </text>
</doc>
