<?xml version="1.0" ?>
<doc href="https://www.ozon.ru/context/detail/id/141361878/">
  <title>Масло моторное Bardahl &quot;XTS&quot;, синтетическое, 5W-20, 5 л</title>
  <category href="/category/avtomobilnye-motornye-masla-34118/">Автомобильные моторные масла</category>
  <price>2 808 ₽</price>
  <text>
<![CDATA[Описание  Моторное масло Bardahl "XTS" синтетическое, последнего поколения. Совместимо с бензиновыми и дизельными двигателями. Масло Bardahl "XTS" специально разработано для смазки, оптимальной  бензиновых двигателей Ford EcoBoost. Снижает трение, очищает детали двигателя и оптимизирует потребление топлива. Комплексно защищает двигатель. Обеспечивает отличную производительность  при низких температурах. Снижает расход топлива.Допуски: ACEA A1/B1 API SN FORD WSS-M2C948-B]]>  </text>
</doc>
