<?xml version="1.0" ?>
<doc href="https://www.ozon.ru/context/detail/id/145206155/">
  <title>Масло моторное Toyota &quot;Motor Oil &quot;, синтетическое, SAE 0W-20, API SN/GF-5, 4 л</title>
  <category href="/category/avtomobilnye-motornye-masla-34118/">Автомобильные моторные масла</category>
  <price>3 306 ₽</price>
  <text>
<![CDATA[Описание  Высококачественное всесезонное энергосберегающее моторное масло высшей классификации для бензиновых двигателей, созданное на основе гидрокрекинга. Обладает оптимальными низкотемпературными характеристиками и высокими антиокислительными свойствами для двигателей японских автомобилей. Обеспечивает легкий запуск и надежную работу двигателя при любых условиях эксплуатации.]]>  </text>
</doc>
