<?xml version="1.0" ?>
<doc href="https://www.ozon.ru/context/detail/id/141242612/">
  <title>Масло моторное Ford &quot;Formula F&quot;, синтетическое, класс вязкости 5W-30, 5 л</title>
  <category href="/category/avtomobilnye-motornye-masla-34118/">Автомобильные моторные масла</category>
  <price>2 492 ₽</price>
  <text>
<![CDATA[Описание  Моторное масло Ford "Formula F" обеспечивает прекрасные смазочные свойства при "холодном" старте для всех компонентов двигателя при низких температурах. Снижает расход масла и имеет очень хорошие очищающие свойства. Защищает от образования отложений и образования нагара. Обладает высокой защитой от износа при экстремальных условиях эксплуатации. Показывает высокую термическую стабильность и защиту от окисления, предотвращая старение масла.   Товар сертифицирован.]]>  </text>
</doc>
