<?xml version="1.0" ?>
<doc href="https://www.ozon.ru/context/detail/id/149463115/">
  <title>Моторное масло Total Quartz 7000 10W40 (Sn), синтетическое, 4 л</title>
  <category href="/category/avtomobilnye-motornye-masla-34118/">Автомобильные моторные масла</category>
  <price>1 262 ₽</price>
  <text>
<![CDATA[Описание  TOTAL QUARTZ 7000 10W-40 - моторное масло на синтетической основе для бензиновых и дизельных двигателей]]>  </text>
</doc>
