<?xml version="1.0" ?>
<doc href="https://www.ozon.ru/context/detail/id/144310402/">
  <title>Моторное масло Mannol &quot;Extreme 5w40&quot;, 4 л</title>
  <category href="/category/avtomobilnye-motornye-masla-34118/">Автомобильные моторные масла</category>
  <price>1 391 ₽</price>
  <text>
<![CDATA[Описание  Mannol "Extreme 5W40" универсальное всесезонное моторное масло на гидросинтетической основе, предназначенное для современных бензиновых и дизельных двигателей с турбонаддувом и без. Обеспечивает высокую прокачиваемость при холодном старте, гарантируя надежную смазку и защиту от износа. Обладает оптимальной вязкостью в широком диапазоне температур. Удовлетворяет требованиям новых типов двигателей с удлиненным интервалом замены масла. Допуски и соответствия : ACEA A3/B4, MB 229.3, VW 502.00/505.00, OPEL GM LL-A/B-025, RENAULT RN0700/0710.]]>  </text>
</doc>
