<?xml version="1.0" ?>
<doc href="https://www.ozon.ru/context/detail/id/150614105/">
  <title>Моторное масло RAVENOL ECS EcoSynth SAE 0W-20 (1л)</title>
  <category href="/category/avtomobilnye-motornye-masla-34118/">Автомобильные моторные масла</category>
  <price>1 302 ₽</price>
  <text>
<![CDATA[Описание  Полностью cинтетическое легкотекучее моторное масло с запатентованной технологией Clean-Synto для легковых бензиновых и дизельных двигателей с и без турбонадува и прямым впрыском топлива, HTHS >2,6 mPa*s (cP)]]>  </text>
</doc>
