<?xml version="1.0" ?>
<doc href="https://www.ozon.ru/context/detail/id/140372012/">
  <title>Масло моторное Mobil 1 FS x1 5W-40 1 л.</title>
  <category href="/category/avtomobilnye-motornye-masla-34118/">Автомобильные моторные масла</category>
  <price>741 ₽</price>
  <text>
<![CDATA[Описание  Mobil 1 (ТМ) FS x1 5W-40 - для автомобилей с пробегом более 100 000 км. Mobil 1 FS x1 5W-40 - полностью синтетическое моторное масло с улучшенными эксплуатационными свойствами, предназначенное для  обеспечения исключительных моющих свойств. Рекомендовано для применения в двигателях с высокими эксплуатационными  характеристиками в легковых автомобилях Volkswagen, Audi, Skoda, Porsche, Mercedes Benz и других. Особенности:  - Превосходная защита двигателя, способствует предотвращению накапливания вредных  отложений;  - Улучшенная технология очистки для легковых автомобилей с высоким пробегом - более  100 000 км; - Улучшенная защита при нестабильном качестве топлива; - Защита двигателя при пуске в условиях холодных температур.   Сертификации и одобрения:  - ACEA A3/B3, A3/B4, - MB 229.1/229.3, - VW 502 00/505 00, - PORSCHE A40".  Товар сертифицирован.Проверить оригинальность:  https://original.mobil.ru/]]>  </text>
</doc>
