<?xml version="1.0" ?>
<doc href="https://www.ozon.ru/context/detail/id/140372019/">
  <title>Масло моторное Mobil Super 2000 X1, полусинтетическое, класс вязкости 10W-40, 4 л</title>
  <category href="/category/avtomobilnye-motornye-masla-34118/">Автомобильные моторные масла</category>
  <price>1 486 ₽</price>
  <text>
<![CDATA[Описание  Mobil Super (ТМ) 2000 X1 10W-40- полусинтетическое моторное масло, обеспечивающее более  длительный срок эксплуатации двигателя и защиту от отложений шлама и износа.  Особенности: - Улучшенная защита от отложений и шлама; - Хорошая чистоту двигателя; - Защита при повышенных температурах; - Надежная защиту от износа; - Хорошие смазывающие свойства при холодном пуске.  Сертификации и одобрения: - ACEA A3/B3, - AAE (STO 003) Group B5, - MB-Approval 229.1, - VW 501 01/505 00, - AVTOVAZ LADA cars. Товар сертифицирован. Уважаемые клиенты!Обращаем ваше внимание на возможные изменения в дизайне упаковки. Качественные характеристики товара остаются неизменными. Поставка осуществляется в зависимости от наличия на складе.Проверить оригинальность:  https://original.mobil.ru/  Показать полностью]]>  </text>
</doc>
