<?xml version="1.0" ?>
<doc href="https://www.ozon.ru/context/detail/id/140372015/">
  <title>Масло моторное Mobil 1 ESP 5W-30 4 л.</title>
  <category href="/category/avtomobilnye-motornye-masla-34118/">Автомобильные моторные масла</category>
  <price>2 800 ₽</price>
  <text>
<![CDATA[Описание  Mobil 1 (TM) ESP 5W-30 – защита системы очистки выхлопных газов  и экономия топлива. Mobil 1 ESP 5W-30 - высокоэффективное полностью синтетическое  моторное масло. Обеспечивает улучшенную экономию топлива и  низкий расход масла на угар, продлевает срок службы и поддерживает  эффективность систем снижения токсичности выхлопных газов  бензиновых и дизельных автомобилей. Превосходит требования ведущих  производителей автомобильной индустрии.  Особенности:  - Содержит активные очищающие вещества;  - Снижает образование отложений и шлама;  - Увеличивает интервалы замены масла;  - Низкий расход масла на угар;  - Отличные свойства работы при низких температурах. Масло Mobil 1 ESP 5W-30 имеет следующие одобрения производителей оборудования:Одобрение MB 229.31Одобрение MB 229.51Одобрение MB 229.52VW 504 00/507 00GM dexos2Porsche C30PSA B712290Масло Mobil 1 ESP 5W-30 превосходит следующие требования или соответствует им:  ACEA C2, C3API SN, SMТовар сертифицирован.   Уважаемые клиенты! Обращаем ваше внимание на возможные изменения в дизайне упаковки.  Качественные  характеристики товара остаются неизменными. Поставка осуществляется в  зависимости от  наличия на складе.   Показать полностью]]>  </text>
</doc>
