<?xml version="1.0" ?>
<doc href="https://www.ozon.ru/context/detail/id/140690132/">
  <title>Моторное масло Total &quot;Quartz Ineo ECS 5w-30&quot;, 1 л</title>
  <category href="/category/avtomobilnye-motornye-masla-34118/">Автомобильные моторные масла</category>
  <price>Товар закончился</price>
  <text>
<![CDATA[Описание  Масло Total "Quartz Ineo ECS" необходимо для правильного функционирования дизельного  сажевого фильтра, также как и других систем последующей обработки выхлопных газов. Может  применяться при наиболее сложных режимах эксплуатации и в самых трудных условиях  (автомагистрали, интенсивное городское движение). Имеет пониженную сульфатную зольность и  низкое содержание фосфора и серы. Удовлетворяет техническим требованиям TOYOTA.  Специально разработано для двигателей PEUGEOT и CITROEN. Спецификация ACEA C2;A5;B5;  PSA B71 2290.]]>  </text>
</doc>
