<?xml version="1.0" ?>
<doc href="https://www.ozon.ru/context/detail/id/144371871/">
  <title>Масло моторное &quot;IDEMITSU&quot;, SAE 5W-30, API SN/GF, синтетическое, 1 л</title>
  <category href="/category/avtomobilnye-motornye-masla-34118/">Автомобильные моторные масла</category>
  <price>480 ₽</price>
  <text>
<![CDATA[Описание  Синтетическое моторное масло "IDEMITSU" для бензиновых двигателей, соответствующее новейшей спецификации API SN. Обеспечивает уверенный пуск в зимний период эксплуатации при температурах до -30 С. Сохраняет превосходные смазывающие свойства и обеспечивает чистоту двигателя, что способствует увеличению срока его службы.]]>  </text>
</doc>
