<?xml version="1.0" ?>
<doc href="https://www.ozon.ru/context/detail/id/148324596/">
  <title>Моторное масло G-Energy Synthetic Long Life, 253142395, синтетическое, 10W-40, API SN/CF, ACEA A3/B4, 4 л</title>
  <category href="/category/avtomobilnye-motornye-masla-34118/">Автомобильные моторные масла</category>
  <price>1 074 ₽</price>
  <text>
<![CDATA[Описание  Синтетическое моторное масло на основе базовых компонентов G-Base для бензиновых и дизельных двигателей автомобилей. Благодаря надежной защите деталей от износа и низкому расходу на угар позволяет увеличить интервалы между заменами масла и сохранить ресурс двигателя по сравнению с маслами на минеральной и полусинтетической основе класса API SL и ниже. Синтетический продукт, соответствующий требованиям API SN, – оптимальное решение для двигателей, где требуется вязкость SAE 10W-40 (согласно рекомендациям автопроизводителя). Возможность увеличения интервала замены по сравнению с маслами уровня API SL на минеральной или полусинтетической основе согласно рекомендациям автопроизводителя. Поддерживает чистоту двигателя, нейтрализует негативное влияние топлива переменного качества. Надежно защищает от износа, позволяя экономить на внеплановых ремонтах. Сохраняет ресурс работы и срок службы двигателя благодаря стойкости к образованию как низкотемпературных, так и высокотемпературных отложений. Одобрения / Соответствия / Уровень свойств: API SN/CF, ACEA A3/B4, MB 229.3, VW 502.00/505.00, Renault 0700/0710, ПАО "АВТОВАЗ"]]>  </text>
</doc>
