<?xml version="1.0" ?>
<doc href="https://www.ozon.ru/context/detail/id/148324594/">
  <title>Моторное масло G-Energy Synthetic Far East, 253142415, синтетическое, 5W-30, API SN, ILSAC GF-5, 4 л</title>
  <category href="/category/avtomobilnye-motornye-masla-34118/">Автомобильные моторные масла</category>
  <price>1 350 ₽</price>
  <text>
<![CDATA[Описание  Энергосберегающее синтетическое моторное масло на основе базовых компонентов G-Base. Предназначено для бензиновых двигателей японских и корейских автомобилей. Обеспечивает экономию топлива, максимальную защиту и эффективную работу двигателя во всем диапазоне оборотов в различных скоростных режимах. Разработано специально для автомобилей японского и корейского производства. Обеспечивает экономию топлива по сравнению со стандартными маслами. Сохраняет чистоту деталей двигателя благодаря повышенной стойкости к образованию высокотемпературных отложений (на поршнях и в турбине). Позволяет максимально реализовать мощность двигателя. Полная совместимость и инертность по отношению к современным материалам уплотнений, предотвращение утечек. Одобрения / Соответствия / Уровень свойств: API SN/CF; ILSAC GF-5.]]>  </text>
</doc>
