<?xml version="1.0" ?>
<doc href="https://www.ozon.ru/context/detail/id/140372024/">
  <title>Масло моторное Mobil 1 x1 5W-30 4 л</title>
  <category href="/category/avtomobilnye-motornye-masla-34118/">Автомобильные моторные масла</category>
  <price>2 717 ₽</price>
  <text>
<![CDATA[Описание  Полностью синтетическое моторное масло Mobil 1 x1 5W-30 производится на основе собственной композиции компании, включающей синтетические базовые масла с высочайшим уровнем свойств и тщательно сбалансированный пакет присадок. Класс вязкости 5W-30 рекомендуется для многих новых автомобилей. Mobil 1 x1 5W-30 отличается уникальными свойствами, обеспечивающими непревзойденный уровень эксплуатационных характеристик, таких как защита и чистота двигателя, при этом масло соответствует высоким требованиям стандарта ILSAC GF-5.Отличные смазывающие и противоизносные свойства при различных стилях вожденияОбеспечивает быструю защиту, снижая износ двигателя и образование отложений даже в экстремальных условиях вожденияНадежно защищает при высоких температурах и способствует длительному сроку эксплуатации двигателя с турбонаддувомОбеспечивает исключительно эффективную очистку загрязненных двигателейОтличные смазывающие свойства при холодном пуске и защита при низких температурах.Mobil 1 x1 5W-30 имеет следующие одобрения производителей оборудования к применению:General Motors Service Fill dexos1 Gen 2 (номер лицензии D10279HC015)Mobil 1 x1 5W-30 превосходит следующие требования или соответствует им: ACEA A1/B1ACEA A5/B5 API SN/SMILSAC GF-5Ford WSS-M2C946-AExxonMobil рекомендует применять Mobil 1 x1 5W-30 там, где требуются:API CFGeneral Motors 4718MGeneral Motors 6094MТовар сертифицирован.  Показать полностью]]>  </text>
</doc>
