<?xml version="1.0" ?>
<doc href="https://www.ozon.ru/context/detail/id/140579299/">
  <title>Масло моторное Motul &quot;Specific 229.52 MB&quot;, синтетическое, 5W-30, 1 л</title>
  <category href="/category/avtomobilnye-motornye-masla-34118/">Автомобильные моторные масла</category>
  <price>1 056 ₽</price>
  <text>
<![CDATA[Описание  100% синтетическое моторное масло, специально разработанное для обеспечения энергосберегающих свойств. Применяется для последнего поколения бензиновых и дизельных двигателей Mercedes Benz, в том числе оснащенных селективно-восстановительной системой (SCR). Имеет превосходную термоокислительную стабильность. Обратносовместим с требованиями MB 229.51 и MB 229.31.  ACEA Стандарты: ACEA C3 API Стандарты: API PERFORMANCES SN/CF Одобрения: MB-Approval 229.52]]>  </text>
</doc>
