<?xml version="1.0" ?>
<doc href="https://www.ozon.ru/context/detail/id/141242595/">
  <title>Моторное масло FORD &quot;Motorcraft Premium Synthetic Blend&quot;, синтетическое, класс вязкости 5W-20, 4,73 л</title>
  <category href="/category/avtomobilnye-motornye-masla-34118/">Автомобильные моторные масла</category>
  <price>2 144 ₽</price>
  <text>
<![CDATA[Описание  FORD Motorcraft Premium Synthetic Blend SAE 5W-20 обладает высоким индексом вязкости, на полусинтетической/гидрокрекинговой основе с добавлением специального комплекса присадок; помогает снизить образование отложений на двигателе и износ; защищает от высокотемпературного окисления, ржавчины, коррозии и пенообразования; обеспечивает защиту от износа и энергосберегающие характеристики, что обеспечивает значительную экономию топлива.Товар сертифицирован.]]>  </text>
</doc>
