<?xml version="1.0" ?>
<doc href="https://www.ozon.ru/context/detail/id/150614622/">
  <title>Моторное масло RAVENOL HPS SAE 5W-30 ( 1 л)</title>
  <category href="/category/avtomobilnye-motornye-masla-34118/">Автомобильные моторные масла</category>
  <price>502 ₽</price>
  <text>
<![CDATA[Описание  Полуcинтетическое высококачественное легкотекучее моторное масло с запатентованной технологией Clean-Synto для легковых бензиновых и дизельных двигателей с и без турбонадува и прямым впрыском топлива,]]>  </text>
</doc>
