<?xml version="1.0" ?>
<doc href="https://www.ozon.ru/context/detail/id/140183666/">
  <title>Масло моторное Castrol &quot;EdgeTurbo Diesel&quot;, синтетическое, класс вязкости 0W-30, 4 л</title>
  <category href="/category/avtomobilnye-motornye-masla-34118/">Автомобильные моторные масла</category>
  <price>3 665 ₽</price>
  <text>
<![CDATA[Описание  Современные двигатели существенно меньше в размерах, но при этом гораздо более мощные и эффективные по сравнению с предыдущими поколениями. Все эти особенности конструкции современных моторов бросают вызов маслу, подвергая его многократно увеличившимся нагрузкам. Моторное масло вынуждено работать в условиях повышенных контактных давлений, что ведет к увеличению потерь на трение в наиболее нагруженных парах трения, которые оказывают негативное влияние на мощность двигателя. Снижение его производительности может достичь 10%.Castrol EDGE Turbo Diesel с запатентованной технологией “Fluid TITANIUM” - полностью синтетические моторные масла, в которых воплощены самые прогрессивные технологии компании Castrol. Благодаря соединениям титана они способны трансформироваться под давлением, делая масляную пленку прочнее и снижая потери на трение, что позволяет максимально раскрыть возможности двигателя вашего автомобиля.ПрименениеМоторное масло Castrol EDGE Turbo Diesel 0W-30 предназначено для использования в дизельных двигателях автомобилей, в которых производитель рекомендует применять смазочные материалы, соответствующие отраслевому стандарту ACEA С3 и классу вязкости SAE 0W-30.Castrol EDGE Turbo Diesel 0W-30 одобрено к применению ведущими производителями техники (см. раздел спецификаций и руководство по эксплуатации автомобиля).* одобрено согласно допуску GM dexos2ТМ, который заменяет спецификации GM-LL-B-025 и GM-LL-A-025 : GB2C0923082.ПреимуществаCastrol EDGE Turbo Diesel 0W-30 с технологией “Fluid TITANIUM” – это естественный выбор владельцев дизельных автомобилей, желающих добиться максимальной эффективности от двигателей, созданных по новейшим на текущий момент технологиям, которые требуют масел с повышенными эксплуатационными характеристиками и высоким уровнем защиты деталей.          Моторное масло Castrol EDGE Turbo Diesel 0W-30: •	трансформируется и делает масляную плёнку прочнее при увеличении нагрузки, защищая детали двигателя от износа; •	снижает потери на трение во всех условиях эксплуатации и скоростных режимах;•	доказало свою эффективность в результате независимых испытаний на соответствие  требованиям самых жёстких отраслевых стандартов;•	рекомендовано к применению ведущими автопроизводителями;•	подавляет образование отложений, способствуя повышению скорости реакции двигателя на нажатие педали акселератора;•	обеспечивает высокий уровень экономии топлива и низкотемпературных свойств.   Показать полностью]]>  </text>
</doc>
