<?xml version="1.0" ?>
<doc href="https://www.ozon.ru/context/detail/id/140183705/">
  <title>Масло моторное Castrol &quot;Edge Professional&quot;, синтетическое, OE 5W-30, 1 л</title>
  <category href="/category/avtomobilnye-motornye-masla-34118/">Автомобильные моторные масла</category>
  <price>848 ₽</price>
  <text>
<![CDATA[Описание  Современные двигатели существенно меньше в размерах, но при этом гораздо более мощные и эффективные по сравнению с предыдущими поколениями. Все эти особенности конструкции современных моторов бросают вызов маслу, подвергая его многократно увеличившимся нагрузкам. Моторное масло вынуждено работать в условиях повышенных контактных давлений, что ведет к увеличению потерь на трение в наиболее нагруженных парах трения, которые оказывают негативное влияние на мощность двигателя. Снижение его производительности может достичь 10%.Castrol EDGE Professional с запатентованной технологией “Fluid TITANIUM” - полностью синтетические моторные масла, в которых воплощены самые прогрессивные технологии компании Castrol. Благодаря соединениям титана они способны трансформироваться под давлением, делая масляную пленку прочнее и снижая потери на трение, что позволяет максимально раскрыть возможности двигателя вашего автомобиля.Моторные масла Castrol EDGE Professional прошли многоуровневую микрофильтрацию и сертифицированы как CO2- нейтральные в соответствии с мировым стандартом BSI PAS 2060.ПрименениеCastrol EDGE Professional OE 5W-30 предназначено для бензиновых и дизельных двигателей автомобилей, в которых производитель рекомендует использовать моторные масла, соответствующие классу вязкости SAE 5W-30 и спецификациям ACEA C3, API SN или более ранним стандартам.Castrol EDGE Professional OE 5W-30 одобрено к применению ведущими производителями техники (см. раздел спецификаций и руководство по эксплуатации автомобиля).* одобрено согласно допуску GM dexos2ТМ, который заменяет спецификации GM-LL-B-025 и GM-LL-A-025 : GB2C0923082. ПреимуществаCastrol EDGE Professional OE 5W-30 с технологией “Fluid TITANIUM” – это естественный выбор владельцев автомобилей, желающих добиться максимальной эффективности от двигателей, созданных по новейшим на текущий момент технологиям, которые требуют масел с повышенными эксплуатационными характеристиками и высоким уровнем защиты деталей.          Моторное масло Castrol EDGE Professional OE 5W-30: •	трансформируется и делает масляную плёнку прочнее при увеличении нагрузки, защищая детали двигателя от износа; •	снижает потери на трение во всех условиях эксплуатации и скоростных режимах;•	доказало свою эффективность в результате независимых испытаний на соответствие  требованиям самых жёстких отраслевых стандартов;•	рекомендовано к применению ведущими автопроизводителями;•	надёжно защищает двигатель на протяжении всего интервала между заменами масла, даже в условиях интенсивных нагрузок.  Показать полностью]]>  </text>
</doc>
