<?xml version="1.0" ?>
<doc href="https://www.ozon.ru/context/detail/id/150614408/">
  <title>Моторное масло RAVENOL RUP Racing Ultra Performance SAE 5W-40 (4л)</title>
  <category href="/category/avtomobilnye-motornye-masla-34118/">Автомобильные моторные масла</category>
  <price>5 004 ₽</price>
  <text>
<![CDATA[Описание  RAVENOL RUP Racing Ultra Performance SAE 5W-40 полностью синтетическое легкотекучее моторное масло с добавлением специального комплекса присадок с содержанием вольфрама для применения в гонках. Низкое содержание сульфатной золы, пониженная вязкость HTHS обеспечивают экономию топлива. Уменьшает выброс вредных веществ в атмосферу. Предназначено для современных бензиновых двигателей автомобилей, участвующих в автогонках в тяжелых условиях.Благодаря специальному комплексу присадок, с содержанием вольфрама, RAVENOL RUP Racing Ultra Performance SAE 5W-40 отлично показывает себя при спортивном режиме эксплуатации. Снижает трение, уменьшает износ и значительно улучшает механическую эффективность. Обеспечивает прочную масляную пленку при очень высоких рабочих температурах. Защищает от износа, коррозии (окисления), пенообразования.RAVENOL RUP Racing Ultra Performance SAE 5W-40 специально разработано для бензиновых двигателей автомобилей, участвующих в гонках при тяжелых условиях.Протестировано партнерами: Nürburgring, Hockenheim Premium Partner, рекомендовано Ральфом Шумахером (Ralf Schumacher)]]>  </text>
</doc>
