<?xml version="1.0" ?>
<doc href="https://www.ozon.ru/context/detail/id/142954376/">
  <title>Масло моторное Gazpromneft &quot;Standard&quot;, 10W-40, API SF/CC, минеральное, 4 л</title>
  <category href="/category/avtomobilnye-motornye-masla-34118/">Автомобильные моторные масла</category>
  <price>643 ₽</price>
  <text>
<![CDATA[Описание  Минеральное универсальное всесезонное моторное масло Gazpromneft "Standard", изготовленное с использованием современного импортного пакета присадок. Предназначено для всех типов карбюраторных бензиновых и безнаддувных дизельных двигателей легковых автомобилей, микроавтобусов и легких грузовиков. Хорошая термическая стабильность и устойчивость к окислению сохраняют свойства масла в течение всего периода эксплуатации. Поддерживает продукты износа и загрязнения во взвешенном состоянии, предотвращая образование отложений на внутренних поверхностях двигателя. Одобрения / Соответствия / Уровень свойств: ОАО «АВТОВАЗ», Сертифицировано ААИ.]]>  </text>
</doc>
