<?xml version="1.0" ?>
<doc href="https://www.ozon.ru/context/detail/id/141242547/">
  <title>Масло моторное &quot;Toyota&quot;, синтетическое, класс вязкости 10W-30, 1 л</title>
  <category href="/category/avtomobilnye-motornye-masla-34118/">Автомобильные моторные масла</category>
  <price>822 ₽</price>
  <text>
<![CDATA[Описание  Моторное масло "Toyota" - это полусинтетическое всесезонное моторное масло, разработанное  для бензиновых и дизельных двигателей автомобилей линейки Toyota. Оно обеспечивает  отличную защиту двигателя от износа, благоприятно взаимодействует со всеми видами  сальников, сохраняет узлы и агрегатыы двигателя в чистоте. Также обеспечивает превосходную  работу двигателя даже в самых жестких условиях эксплуатации и увеличенных интервалах  замены. В состав моторного масла входит высококачественный пакет присадок, которые  обеспечивают отличные эксплуатационные характеристики и экономию топлива. Кроме этого,  моторное масло обладает превосходными моющими свойствами, а также содержит  противопенные присадки и повышенной термостойкостью. Товар сертифицирован.]]>  </text>
</doc>
