<?xml version="1.0" ?>
<doc href="https://www.ozon.ru/context/detail/id/147279074/">
  <title>Моторное масло Eni i-Sint MS, синтетическое, 5W30, SM/CF, ACEA A3/B4 /С3, 5 л</title>
  <category href="/category/avtomobilnye-motornye-masla-34118/">Автомобильные моторные масла</category>
  <price>2 579 ₽</price>
  <text>
<![CDATA[Описание  Eni i-Sigma top MS 5W-30 — это высококачественное полностью синтетическое моторное масло последнего поколения для мощных двигателей коммерческой техники, рассчитанное на максимальные нагрузки. В частности, масло предназначено для новых дизельных двигателей, оборудованных системами доочистки выхлопных газов (EURO V), однако хорошо подходит и для более ранних моторов. Масло обеспечивает максимальный срок службы, а также гарантирует экономию топлива и надежный холодный пуск.]]>  </text>
</doc>
