<?xml version="1.0" ?>
<doc href="https://www.ozon.ru/context/detail/id/140579248/">
  <title>Масло моторное Motul &quot;8100 Eco-Clean&quot;, синтетическое, 0W-30, 1 л</title>
  <category href="/category/avtomobilnye-motornye-masla-34118/">Автомобильные моторные масла</category>
  <price>1 065 ₽</price>
  <text>
<![CDATA[Описание  Моторное масло для бензиновых и дизельных двигателей. 100% синтетическое.  Высокотехнологичное 100% синтетическое энергосберегающее моторное масло.  Специально разработано для автопроизводителей, требующих масла с низким трением, низкой высокотемпературной вязкостью (HTHS менее 3,5 мПа.с), сниженным содержанием сульфатной золы (?0,8%), фосфора (0.07%-0.09%), серы (?0.3%) - "Mid SAPS". Применяется для автомобилей последнего поколения, оснащенных бензиновыми и дизельными двигателями, в том числе с непосредственным впрыском, отвечающих требованиям стандартов Евро IV и Евро V, требующих использования в них энергосберегающих масел стандарта ACEA C2. Совместимо с каталитическими конвертерами и сажевыми фильтрами (DPF) системы очистки выхлопных газов.  ACEA Стандарты: ACEA C2 API Стандарты: API PERFORMANCE SN Одобрения: FORD WSS M2C 950A; FIAT 9.55535-GS1/DS1]]>  </text>
</doc>
