<?xml version="1.0" ?>
<doc href="https://www.ozon.ru/context/detail/id/147283006/">
  <title>Масло моторное Rolf GT, синтетическое, 5W40, SN/CF, 1 л</title>
  <category href="/category/avtomobilnye-motornye-masla-34118/">Автомобильные моторные масла</category>
  <price>404 ₽</price>
  <text>
<![CDATA[Описание  Современное легкотекучее синтетическое моторное масло ROLF GT 5W-40 SN/CF высокого класса для всесезонного применения в бензиновых и дизельных двигателях, в том числе с турбонаддувом. Комбинация высококачественных базовых компонентов с новейшими присадочными технологиями обеспечивает быстрый и легкий запуск двигателя при низких температурах, превосходную защиту двигателя от износа и увеличенный интервал замены. Предотвращает образование отложений в масляной системе, обеспечивает чистоту двигателя. Синтетическое масло ROLF GT 5W-40 имеет высшую спецификацию моторных масел для бензиновых двигателей легковых автомобилей - API SN.]]>  </text>
</doc>
