<?xml version="1.0" ?>
<doc href="https://www.ozon.ru/context/detail/id/140183674/">
  <title>Масло моторное Castrol &quot;Edge&quot;, синтетическое, класс вязкости 5W-30, C3, 4 л</title>
  <category href="/category/avtomobilnye-motornye-masla-34118/">Автомобильные моторные масла</category>
  <price>2 877 ₽</price>
  <text>
<![CDATA[Описание  Современные двигатели существенно меньше в размерах, но при этом гораздо более мощные и эффективные по сравнению с предыдущими поколениями. Все эти особенности конструкции современных моторов бросают вызов маслу, подвергая его многократно увеличившимся нагрузкам. Моторное масло вынуждено работать в условиях повышенных контактных давлений, что ведет к увеличению потерь на трение в наиболее нагруженных парах трения, которые оказывают негативное влияние на мощность двигателя. Снижение его производительности может достичь 10%.Castrol EDGE с запатентованной технологией “Fluid TITANIUM” - полностью синтетическиемоторные масла, в которых воплощены самые прогрессивные технологии компании Castrol. Благодаря соединениям титана они способны трансформироваться под давлением, делая масляную пленку прочнее и снижая потери на трение, что позволяет максимально раскрыть возможности двигателя вашего автомобиля.ПрименениеМоторное масло Castrol EDGE 5W-30 C3 предназначено для использования в бензиновых и дизельных двигателях автомобилей, в которых производитель рекомендует применять смазочные материалы, соответствующие отраслевым стандартам ACEA С3, API SN/CF и классу вязкости SAE 5W-30.Castrol EDGE 5W-30 C3 одобрено к применению ведущими производителями техники (см. раздел спецификаций и руководство по эксплуатации автомобиля).* одобрено согласно допуску GM dexos2ТМ, который заменяет спецификации GM-LL-B-025 и GM-LL-A-025 : GB2C0923082.ПреимуществаCastrol EDGE 5W-30 C3 с технологией “Fluid TITANIUM” – это естественный выбор владельцев автомобилей, желающих добиться максимальной эффективности от двигателей, созданных по новейшим на текущий момент технологиям, которые требуют масел с повышенными эксплуатационными характеристиками и высоким уровнем защиты деталей. Моторное масло Castrol EDGE 5W-30 C3: • трансформируется и делает масляную плёнку прочнее при увеличении нагрузки, защищая детали двигателя от износа; • снижает потери на трение во всех условиях эксплуатации и скоростных режимах;• доказало свою эффективность в результате независимых испытаний на соответствие требованиям самых жёстких отраслевых стандартов;• рекомендовано к применению ведущими автопроизводителями;• надёжно защищает двигатель на протяжении всего интервала между заменами масла, даже в условиях интенсивных нагрузок.Допуски OEM: VW 505 01; VW 505 00; VW 502 00; RN 0710; RN 0700; MB 229.51; MB 229.31; GM Dexos 2; BMW Longlife-04  Показать полностью]]>  </text>
</doc>
