<?xml version="1.0" ?>
<doc href="https://www.ozon.ru/context/detail/id/150614592/">
  <title>Моторное масло RAVENOL SSV Fuel Economy SAE 0W-30 ( 1 л)</title>
  <category href="/category/avtomobilnye-motornye-masla-34118/">Автомобильные моторные масла</category>
  <price>1 321 ₽</price>
  <text>
<![CDATA[Описание  RAVENOL SSV FUEL ECONOMY SAE 0W-30 - полностью синтетическое легкотекучее масло на основе ПАО (полиальфаолефины), изготовленное с применением технологии CleanSynto® для бензиновых и дизельных двигателей с и без турбонаддува легковых автомобилей. Минимизирует трение, износ, сокращает расход топлива, обеспечивает прекрасные свойства при холодном старте. Удлиненные интервалы замены согласно требованиям автопроизводителей.Имеет высокий индекс вязкости благодаря специально подобранному базовому маслу и ПАО. Превосходные свойства при холодном пуске обеспечивают оптимальное смазывание даже в фазе непрогретого двигателя. Благодаря экономии топлива RAVENOL SSV FUEL ECONOMY SAE 0W-30 снижает эмиссию вредных веществ в атмосферу.Является универсальным, обеспечивающим экономию топлива моторным маслом для современных бензиновых и дизельных двигателей легковых автомобилей. Подходит как универсальное масло для современных бензиновых и дизельных двигателей с и без турбонаддува легковых автомобилей.]]>  </text>
</doc>
