<?xml version="1.0" ?>
<doc href="https://www.ozon.ru/context/detail/id/144331018/">
  <title>Масло моторное ENEOS &quot;Premium Ultra&quot;, синтетическое, 5W-20, 1 л</title>
  <category href="/category/avtomobilnye-motornye-masla-34118/">Автомобильные моторные масла</category>
  <price>534 ₽</price>
  <text>
<![CDATA[Описание  Масло моторное ENEOS "Premium Ultra" - экологическое высококачественное моторное масло для четырехтактных бензиновых двигателей, в том числе для применения в автомобилях, оборудованных системой Start-Stop и турбонаддувом.    Уважаемые клиенты!  Обращаем ваше внимание на возможные изменения в дизайне упаковки. Поставка осуществляется в зависимости от наличия на складе.]]>  </text>
</doc>
