<?xml version="1.0" ?>
<doc href="https://www.ozon.ru/context/detail/id/150614113/">
  <title>Моторное масло RAVENOL VSI SAE 5W-40 (1л)</title>
  <category href="/category/avtomobilnye-motornye-masla-34118/">Автомобильные моторные масла</category>
  <price>839 ₽</price>
  <text>
<![CDATA[Описание  Полностью cинтетическое легкотекучее моторное масло с запатентованной технологией Clean-Synto для легковых бензиновых и дизельных двигателей с и без турбонадува и прямым впрыском топлива.]]>  </text>
</doc>
