<?xml version="1.0" ?>
<doc href="https://www.ozon.ru/product/nanomagicplastcare-uhod-za-vneshnim-plastikom-500-ml-168256751/">
  <title>NANOMAGICPLASTCARE - Уход за внешним пластиком (500 мл)</title>
  <category href="/category/avtokonservanty-30594/">Автоконсерванты</category>
  <price>1 290 ₽</price>
  <text>
<![CDATA[Описание  Обеспечивает уход и защиту всех пластмассовых деталей, расположенных снаружи (планки, резиновые элементы, и т.д.) Обработанным деталям возвращается их первоначальный вид, они выглядят как новые, а также обеспечивается защита от вредных воздействий окружающей среды. Продукт премиум-класса с неповторимой стойкостью из области профессионального ухода за автомобилями.]]>  </text>
</doc>
