<?xml version="1.0" ?>
<doc href="https://www.ozon.ru/context/detail/id/139962643/">
  <title>Масло моторное Liqui Moly &quot;Top Tec 4200&quot;, НС-синтетическое, 5W-30, 1 л</title>
  <category href="/category/avtomobilnye-motornye-masla-34118/">Автомобильные моторные масла</category>
  <price>999 ₽</price>
  <text>
<![CDATA[Описание  Масло моторное Liqui Moly "Top Tec 4200" рекомендуется для широкого круга современных двигателей европейских автопроизводителей, таких как Volkswagen-Audi (за исключением R5 TDI и V10 TDI, выпущенных до 06.2006, для которых подходит Synthoil Longtime Plus 0W-30); Mercedes-Benz; BMW; Fiat (дизели с 2008 модельного года); Mitsubishi, Peugeot/ Citroen (с модельного года 1999). Отлично подходит для большинства современных дизельных автомобилей корейского производства с сажевыми фильтрами (DPF).   HC-синтетическое малозольное (Mid SAPS) моторное масло для двигателей легковых автомобилей, оснащенных двойной системой нейтрализации отработавших газов (в том числе DPF). Соответствует экологическим нормам EURO 4 и выше.  В моторных маслах Top Tec используются базовые компоненты, произведенные по новейшим технологиям синтеза и отличающиеся высочайшими защитными свойствами. Масла содержат специальный пакет присадок с пониженным содержанием соединений серы, фосфора и хлора, что обеспечивает совместимость со специфическими системами нейтрализации и обеспечивает минимальные выбросы вредных веществ.  Особенности:  - Рекомендовано к применению на дизельных двигателях, оснащенных сажевыми фильтрами и турбинами - Обеспечивает чистоту двигателя - Максимально быстрое поступление по масляной магистрали к деталям двигателя - Оптимальное давление на любых оборотах двигателя - Надежная смазка при низких и высоких температурах - Снижение расхода топлива и вредных компонентов выхлопа Допуск:  -API: SN -ACEA: C3 -BMW: Longlife-04 -MB: 229.51 -Porsche: C30 -VW: 504 00/507 00  Показать полностью]]>  </text>
</doc>
