<?xml version="1.0" ?>
<doc href="https://www.ozon.ru/context/detail/id/140183675/">
  <title>Масло моторное Castrol &quot;Edge&quot;, синтетическое, класс вязкости 5W-30, LL, 1 л</title>
  <category href="/category/avtomobilnye-motornye-masla-34118/">Автомобильные моторные масла</category>
  <price>886 ₽</price>
  <text>
<![CDATA[Описание  СпецификацииACEA C3MB-Approval 229.31/ 229.51Porsche C30VW 504 00/ 507 00                                                                                                 Современные двигатели существенно меньше в размерах, но при этом гораздо более мощные и эффективные по сравнению с предыдущими поколениями. Все эти особенности конструкции современных моторов бросают вызов маслу, подвергая его многократно увеличившимся нагрузкам. Моторное масло вынуждено работать в условиях повышенных контактных давлений, что ведет к увеличению потерь на трение в наиболее нагруженных парах трения, которые оказывают негативное влияние на мощность двигателя. Снижение его производительности может достичь 10%.Castrol EDGE с запатентованной технологией “Fluid TITANIUM” - полностью синтетическиемоторные масла, в которых воплощены самые прогрессивные технологии компании Castrol. Благодаря соединениям титана они способны трансформироваться под давлением, делая масляную пленку прочнее и снижая потери на трение, что позволяет максимально раскрыть возможности двигателя вашего автомобиля.ПрименениеМоторное масло Castrol EDGE 5W-30 LL предназначено для использования в бензиновых и дизельных двигателях автомобилей, в которых производитель рекомендует применять смазочные материалы, соответствующие отраслевому стандарту ACEA С3.Castrol EDGE 5W-30 LL одобрено к применению ведущими производителями техники (см. раздел спецификаций и руководство по эксплуатации автомобиля).ПреимуществаCastrol EDGE 5W-30 LL с технологией “Fluid TITANIUM” – это естественный выбор владельцев автомобилей, желающих добиться максимальной эффективности от двигателей, созданных по новейшим на текущий момент технологиям, которые требуют масел с повышенными эксплуатационными характеристиками и высоким уровнем защиты деталей.          Моторное масло Castrol EDGE 5W-30 LL: •	трансформируется и делает масляную плёнку прочнее при увеличении нагрузки, защищая детали двигателя от износа; •	снижает потери на трение во всех условиях эксплуатации и скоростных режимах;•	доказало свою эффективность в результате независимых испытаний на соответствие  требованиям самых жёстких отраслевых стандартов;•	рекомендовано к применению ведущими автопроизводителями;•	надёжно защищает двигатель на протяжении всего интервала между заменами масла, даже в условиях интенсивных нагрузок.  Показать полностью]]>  </text>
</doc>
