<?xml version="1.0" ?>
<doc href="https://www.ozon.ru/context/detail/id/140322966/">
  <title>Масло моторное ZIC X7, синтетическое, класс вязкости 5W-40, API SN, 1 л. 132662</title>
  <category href="/category/avtomobilnye-motornye-masla-34118/">Автомобильные моторные масла</category>
  <price>513 ₽</price>
  <text>
<![CDATA[Описание  Синтетическое моторное масло для бензиновых и дизельных двигателей легковых автомобилей и легкого коммерческого транспорта. Изготовлено на основе собственного синтетического базового масла Yubase и современного пакета присадок. ДОПУСКИVW 502.00 / 505.00MB 229.5BMW Longlife-01Renault-Nissan RN 0700 / 0710СООТВЕТСТВУЕТAPI SN / CFACEA A3/B3, A3/B4КАК МЫ ПОМОГАЕМ ВАШЕМУ ДВИГАТЕЛЮ• Обеспечивает сохранение превосходных эксплуатационных свойств и надежную защиту двигателя.• Синтетическая основа обеспечивает низкую испаряемость масла и минимизирует его расход, а также предотвращает образование нагаров и отложений в двигателе.• Широкий температурный диапазон применения.КАЧЕСТВОИзготовлено на основе собственного синтетического базового масла Yubase и современного пакета присадок.ВНИМАНИЕ! Дата производства масла ZIC указана на упаковке в формате ГГ.ММ.ДД. (вторая строка под кодом). Первые две цифры - год выпуска. В коде также содержится дата выпуска, инструкция по расшифровке содержится на оборотной стороне канистры.  Показать полностью]]>  </text>
</doc>
