<?xml version="1.0" ?>
<doc href="https://www.ozon.ru/context/detail/id/141242655/">
  <title>Масло моторное Mercedes-Benz 229.51, синтетическое, 1 л</title>
  <category href="/category/avtomobilnye-motornye-masla-34118/">Автомобильные моторные масла</category>
  <price>767 ₽</price>
  <text>
<![CDATA[Описание  Оригинальный продукт Mercedes-Benz, выполняет требования спецификаций Mercedes-Benz 229.51. Предназначено для двигателей, которым предписано использование продуктов со спецификациями Mercedes]]>  </text>
</doc>
