<?xml version="1.0" ?>
<doc href="https://www.ozon.ru/context/detail/id/140322963/">
  <title>Масло моторное ZIC X7 Diesel, синтетическое, класс вязкости 10W-40, API CI-4/SL, 1 л. 132607</title>
  <category href="/category/avtomobilnye-motornye-masla-34118/">Автомобильные моторные масла</category>
  <price>410 ₽</price>
  <text>
<![CDATA[Описание  Синтетическое моторное масло для дизельных двигателей легковых автомобилей и легкого коммерческого транспорта (микроавтобус, фургон), в том числе оборудованных системами турбонаддува.ДОПУСКИMB 228.3JASO DH-1СООТВЕТСТВУЕТAPI CI-4 / SLACEA E7, A3/B3, A3/B4КАК МЫ ПОМОГАЕМ ВАШЕМУ ДВИГАТЕЛЮ• Обеспечивает надежную смазку узлов двигателя, в том числе при длительной работе в режимах максимальных скоростей и нагрузок.• Обладает высокими моющими и диспергирующими свойствами.• Повышенный запас ресурса за счет высокой термоокислительной стабильности синтетической основы.КАЧЕСТВОИзготовлено на основе собственного синтетического базового масла Yubase и сбалансированного пакета современных присадок. КачествоИзготовлено на основе собственного синтетического базового масла Yubase и сбалансированного пакета современных присадок.ВНИМАНИЕ! Дата производства масла ZIC указана на упаковке в формате ГГ.ММ.ДД. (вторая строка под кодом). Первые две цифры - год выпуска. В коде также содержится дата выпуска, инструкция по расшифровке содержится на оборотной стороне канистры.  Показать полностью]]>  </text>
</doc>
