<?xml version="1.0" ?>
<doc href="https://www.ozon.ru/context/detail/id/143933492/">
  <title>Масло моторное Mobil Super 3000 XE, синтетическое, 5W-30, 4 л</title>
  <category href="/category/avtomobilnye-motornye-masla-34118/">Автомобильные моторные масла</category>
  <price>1 860 ₽</price>
  <text>
<![CDATA[Описание  Mobil Super (ТМ) 3000 XE 5W-30 - синтетическое малозольное моторное масло, разработанное с целью продления срока службы и сохранения эффективности систем снижения выбросов вредных веществ с выхлопными газами автомобилей как с дизельными, так и с бензиновыми двигателями.  • Обеспечивает работу при повышенной температуре без загущения от окисления и без разложения масла • Обеспечивает легкость запуска и быструю циркуляцию масла в двигателе в зимних условиях • Пригодно для применения в бензиновых или дизельных двигателях легковых и малотоннажных грузовых автомобилейСоответствует требованиям: - ACEA C3- API SNОдобрено:- MB-Approval 229.52/229.51/229.31- VW 505 00/505 01- dexos2 (license number GB1A0914015)Уровень качества: - API CF- FORD WSS-M2C917-A- OPEL GM-LL-A-025 / OPEL GM-LL-B-025]]>  </text>
</doc>
