<?xml version="1.0" ?>
<doc href="https://www.ozon.ru/context/detail/id/140564906/">
  <title>Моторное масло Shell Helix Ultra, синтетическое, 5W-40, 1 л</title>
  <category href="/category/avtomobilnye-motornye-masla-34118/">Автомобильные моторные масла</category>
  <price>796 ₽</price>
  <text>
<![CDATA[Описание  Полностью синтетическое моторное масло для самых современных двигателей, созданное на основе уникальной технологии Shell PurePlus. Обеспечивает исключительную защиту и очищение даже при самых долгих рекомендованных автопроизводителями интервалах замены масла. Позволяет сохранить чистоту поршня на уровне заводского конвейера. Допуски и одобрения:  BMW LL-01, Chrysler MS-10725, Chrysler MS 12991, Ferrari, [Fiat 9.55535-GH2], [Fiat 9.55535-Z2], MB-Approval 226.5, MB-Approval 229.5, Porsche A40, PSA B71 2296, Renault RN0700, Renault RN0710, VW 502.00, VW 505.00.  Уважаемые клиенты! Обращаем ваше внимание на то, что упаковка может иметь несколько видов дизайна. Поставка осуществляется в зависимости от наличия на складе.  Проверить оригинальность:  http://www.ac.shell.com]]>  </text>
</doc>
