<?xml version="1.0" ?>
<doc href="https://www.ozon.ru/context/detail/id/147282227/">
  <title>Масло моторное ЛУКОЙЛ СТАНДАРТ, минеральное, 15W-40, SF/CC, 4 л</title>
  <category href="/category/avtomobilnye-motornye-masla-34118/">Автомобильные моторные масла</category>
  <price>595 ₽</price>
  <text>
<![CDATA[Описание  ЛУКОЙЛ СТАНДАРТ - это серия качественных моторных масел "экономичного" класса. Они особо хорошо себя зарекомендовали для двигателей с большим пробегом, для которых характерен повышенный расход масла. Подходит для автомобилей марок: АВТОВАЗ, УАЗ, ГАЗ, ЗАЗ. Выбор класса вязкости моторного масла, как правило, основан на климатических условиях и рекомендациях производителя.  Одобрено:  ОАО "АВТОВАЗ" (SAE 10W-30, 10W-40, 15W-40) Соответствует требованиям:  API SF/CC  ОАО "АВТОВАЗ" (SAE 20W-50)   Моторные масла ЛУКОЙЛ СТАНДАРТ применяются в двигателях различного типа легковых автомобилей и легких грузовиков.  - Улучшенная термоокислительная стабильность;  - Привлекательная стоимость среди универсальных моторных масел;  - Хорошие моющие свойства;  - Сохранение класса вязкости в процессе эксплуатации;  - Улучшенные антиокислительные и диспергирующие свойства.  Товар сертифицирован.]]>  </text>
</doc>
