<?xml version="1.0" ?>
<doc href="https://www.ozon.ru/context/detail/id/150614593/">
  <title>Моторное масло RAVENOL EFS EcoFullSynth SAE 0W-20 ( 4 л)</title>
  <category href="/category/avtomobilnye-motornye-masla-34118/">Автомобильные моторные масла</category>
  <price>4 272 ₽</price>
  <text>
<![CDATA[Описание  Полностью cинтетическое легкотекучее моторное масло с запатентованной технологией Clean-Synto для легковых бензиновых и дизельных двигателей с и без турбонадува и прямым впрыском топлива, HTHS >2,9 mPa*s (cP)]]>  </text>
</doc>
