<?xml version="1.0" ?>
<doc href="https://www.ozon.ru/context/detail/id/150108691/">
  <title>Масло моторное STARKRAFT LEO 5w-30 F-Ultra</title>
  <category href="/category/avtomobilnye-motornye-masla-34118/">Автомобильные моторные масла</category>
  <price>538 ₽</price>
  <text>
<![CDATA[Описание  API SN API SN Plus Resource Conserving;ILSAC GF-5;GM dexos1 (TM) Gen 2;Chrysler MS 6395;Ford M2C946-A;STARKRAFT LEO 5w-30 F-Ultra синтетическое энергосберегающее моторное масло премиум класса. Создано с применением инновационного пакета присадок.STARKRAFT LEO 5w-30 F-Ultra предназначено для применения во всех типах современных бензиновых двигателей (в том числе многоклапанных и турбированных) легковых автомобилей, внедорожников и легких коммерческих грузовиков американских, корейских и японских автомобильных концернов, где требуются масла данной вязкости и соответствующего уровня качества.ПРЕИМУЩЕСТВА: Гарантирует высочайший уровень защиты двигателя при самых экстремальных режимах работы. Высокий и очень стабильный индекс вязкости. Очень прочная защита от износа, коррозии и вспенивания. Очень хорошая моющая способность и дисперсия. Обладает великолепными пусковыми и противоизносными свойствами при самых низких температурах и различных стилях вождения. Сохраняет стабильную масляную пленку и противодействует образованию нагара и шламовых отложений при критических нагрузках в очень широком спектре температур. Способствует долгосрочной и эффективной эксплуатации двигателей с турбонаддувом при высоких температурах и экстремальных нагрузках. Экономия топлива благодаря пониженной высокотемпературной вязкости. Гарантирует низкий выброс вредных веществ в атмосферу.  Показать полностью]]>  </text>
</doc>
