<?xml version="1.0" ?>
<doc href="https://www.ozon.ru/context/detail/id/141242589/">
  <title>Моторное масло Hyundai / KIA &quot;TURBO SYN&quot;, SM/GF-4, класс вязкости 5W-30, 4 л</title>
  <category href="/category/avtomobilnye-motornye-masla-34118/">Автомобильные моторные масла</category>
  <price>2 362 ₽</price>
  <text>
<![CDATA[Описание  Hyundai Turbo SYN SAE 5W-30 обеспечивает отличные температурно- вязкостные характеристики; обеспечивает надежную защиту двигателя от износа во всем диапазоне рабочих температур; синтетическая основа масла обеспечивает лёгкий холодный пуск двигателя даже при экстремально низких температурах; высокая стабильность вязкостных характеристик в течение всего срока службы способствует экономии топлива; не оказывает вредного воздействия на самые современные системы очистки выхлопных газов.Товар сертифицирован.]]>  </text>
</doc>
