<?xml version="1.0" ?>
<doc href="https://www.ozon.ru/context/detail/id/142954382/">
  <title>Масло моторное Gazpromneft &quot;Diesel Prioritet&quot;, 10W-40, API CH-4/SJ, ACEA E7, A3/B4, полусинтетическое, 5 л</title>
  <category href="/category/avtomobilnye-motornye-masla-34118/">Автомобильные моторные масла</category>
  <price>1 019 ₽</price>
  <text>
<![CDATA[Описание  Всесезонное универсальное полусинтетическое моторное масло Gazpromneft "Diesel Prioritet", производится с использованием высококачественных базовых масел и сбалансированного пакета присадок. Разработаны в соответствии с экологическими нормами Евро-3, заменяют масла групп API CG-4, CF-4. Рекомендуются для применения в смешанных парках, имеющих в своем составе дизельную высоко и средненагруженную технику и технику с бензиновыми двигателями. Улучшенные вязкостно-температурные свойства (за счет увеличения индекса вязкости базовых масел) обеспечивают стабильные вязкостные свойства масла в процессе эксплуатации, надежное смазывание и охлаждение деталей двигателя в широком диапазоне нагрузок и температур окружающей среды. Повышенная термоокислительная стабильность масла обеспечивает увеличение ресурса и стабильность эксплуатационных свойств. Обеспечивают максимальную защиту двигателя от коррозии и образования высокотемпературных отложений при тяжелых режимах эксплуатации за счет использования высокоэффективных моюще-диспергирующих присадок и улучшенных базовых масел (с пониженной испаряемостью и сниженным содержанием серы). Защищает детали двигателя от износа, предотвращая полировку цилиндров. Одобрения / Соответствия / Уровень свойств: API CH-4/SJ; MAN M 3275-1; MTU Сat.2; Cummins CES 20076/77; ПАО «КАМАЗ»; ПАО «Автодизель» (ЯМЗ); ААИ Д5.]]>  </text>
</doc>
