<?xml version="1.0" ?>
<doc href="https://www.ozon.ru/context/detail/id/150614643/">
  <title>Моторное масло RAVENOL SSO SAE 0W-30 ( 4 л)</title>
  <category href="/category/avtomobilnye-motornye-masla-34118/">Автомобильные моторные масла</category>
  <price>5 342 ₽</price>
  <text>
<![CDATA[Описание  Полностью cинтетическое низкозольное легкотекучее моторное масло с запатентованной технологией Clean-Synto для легковых бензиновых и дизельных двигателей с и без турбонадува и прямым впрыском топлива,]]>  </text>
</doc>
