<?xml version="1.0" ?>
<doc href="https://www.ozon.ru/context/detail/id/139962639/">
  <title>Масло моторное Liqui Moly &quot;Synthoil Race Tech GT1&quot;, синтетическое, 10W-60, 5 л</title>
  <category href="/category/avtomobilnye-motornye-masla-34118/">Автомобильные моторные масла</category>
  <price>5 189 ₽</price>
  <text>
<![CDATA[Описание  Масло моторное Liqui Moly "Synthoil Race Tech GT1" - 100% синтетическое моторное масло на базе полиальфаолефинов (ПАО) для спортивных автомобилей со специально подготовленными моторами. Свойства ПАО-синтетики и высокая вязкость позволяют обеспечить необходимую смазку и защиту деталей двигателя в условиях экстремальных нагрузок на двигатель, характерных для спорта.  Использование новейших, полностью синтетических компонентов базового масла и специальных технологий в области создания присадок формирует на поверхностях деталей прочнейшую смазочную пленку, которая гарантирует непревзойденную защиту всех деталей двигателя, в том числе от пиковых перегрузок и разрушительного воздействия высоких температур.  Особенности:  - Высочайшая стабильность к экстремально высоким рабочим температурам - Чрезвычайно малые потери масла на испарение - Надежное поступление масла ко всем деталям двигателя даже в экстремальных условиях автогонок - Высочайшие защитные свойства - Превосходная термоокислительная стабильность и устойчивость к старению - Отличные показатели чистоты двигателя - Создано специально для высокофорсированных и турбированных двигателей спортивных автомобилей  Допуск:  -API: CF/SL -ACEA: A3/B4  Соответствие:  -Fiat: 9.55535-H3  Показать полностью]]>  </text>
</doc>
