<?xml version="1.0" ?>
<doc href="https://www.ozon.ru/context/detail/id/139962702/">
  <title>Масло моторное Liqui Moly &quot;Synthoil High Tech&quot;, синтетическое, 5W-30, 1 л</title>
  <category href="/category/avtomobilnye-motornye-masla-34118/">Автомобильные моторные масла</category>
  <price>1 109 ₽</price>
  <text>
<![CDATA[Описание  Масло моторное Liqui Moly "Synthoil High Tech" - 100% синтетическое универсальное моторное масло на базе полиальфаолефинов (ПАО) для большинства автомобилей, для которых требования к маслам опираются на международные классификации API и ACEA. Популярнейший класс вязкости для всех современных автомобилях. Благодаря новейшему классу ACEA C3 моторное масло отлично подходит для автомобилей с сажевыми фильтрами.  Использование современных, полностью синтетических базовых масел (ПАО) и передовых технологий в области разработок присадок гарантирует низкую вязкость масла при низких температурах, высокую надежность масляной пленки. Моторные масла линейки Synthoil предотвращают образование отложений в двигателе, снижают трение и надежно защищают от износа.  Особенности:  - Быстрое поступление масла к трущимся деталям при низких температурах - Высокая защита двигателя от износа - Замечательная термоокислительная стабильность и устойчивость к старению - Обеспечивает чистоту двигателя - Очень низкий расход масла - Совместимо с новейшими системами нейтрализации выхлопных газов - Сокращает вредные выбросы Допуск:  -API: CF/SM -ACEA: C3 Соответствие:-ACEA: A3/B4-BMW: Longlife-04-Ford: WSS-M2C 917-A-GM: dexos2-MB: 229.51-VW: 502 00/505 01-Opel: GM-LL-A025/GM-LL-B025  Показать полностью]]>  </text>
</doc>
