<?xml version="1.0" ?>
<doc href="https://www.ozon.ru/context/detail/id/140893182/">
  <title>Масло MANNOL MOLIBDEN DIESEL 10W-40 5л</title>
  <category href="/category/avtomobilnye-motornye-masla-34118/">Автомобильные моторные масла</category>
  <price>1 136 ₽</price>
  <text>
<![CDATA[Описание  Моторное масло Mannol "Molibden Diesel" - всесезонное полусинтетическое моторное масло, предназначенное для использования в тяжелонагруженных дизельных двигателях. Эффективно снижает износ на всех режимах работы двигателя за счет формирования на сопряженных поверхностях трения уникальной защитной пленки, выдерживающей экстремальные нагрузки. Исключает задир. Обладает оптимальными низкотемпературными характеристиками. Эффективно снижает саже- и нагарообразование. Допуски и соответствия ACEA E2/B3. Вязкость при -25°C: 7000 CP.  Вязкость при 100°C: 13,6 CSt.  Вязкость при 40°C: 94,2 CSt.  Индекс вязкости: 146.  Плотность при 15°C: 878 kg/m3.  Температура вспышки COC: 226 °C.  Температура застывания: -30 °C.  Щелочное число: 8 gKOH/kg.  Товар сертифицирован.]]>  </text>
</doc>
