<?xml version="1.0" ?>
<doc href="https://www.ozon.ru/context/detail/id/147279098/">
  <title>Моторное масло Eni i-Sint TD, синтетическое, 5W40, 4 л</title>
  <category href="/category/avtomobilnye-motornye-masla-34118/">Автомобильные моторные масла</category>
  <price>2 024 ₽</price>
  <text>
<![CDATA[Описание  Eni i-Sint TD высококачественное, полностью синтетическое моторное масло последнего поколения, отвечающее новейшим требованиям автопроизводителей. Масло специально разработано для всех типов дизельных двигателей, в том числе двигателей с турбонадувом и катализатором, установленных на современном легковом и коммерческом транспорте и предназначено для применения в любых климатических условиях.]]>  </text>
</doc>
