<?xml version="1.0" ?>
<doc href="https://www.ozon.ru/context/detail/id/147279106/">
  <title>Моторное масло Eni i-Sint, полусинтетическое, 10W40, API SM/CF, ACEA A3/B4, 4 л</title>
  <category href="/category/avtomobilnye-motornye-masla-34118/">Автомобильные моторные масла</category>
  <price>1 373 ₽</price>
  <text>
<![CDATA[Описание  Еni i-Sint 10W-40 полусинтетическое всесезонное моторное масло, разработанное на основе самых современных синтетических технологий для всех типов бензиновых и дизельных двигателей (атмосферных и турбированных), в том числе работающих в трудных условиях.]]>  </text>
</doc>
