<?xml version="1.0" ?>
<doc href="https://www.ozon.ru/product/movil-s-tsinkom-kerry-s-dlinnoy-trubkoy-aerozol-1-l-161310860/">
  <title>Мовиль с цинком KERRY, с длинной трубкой, аэрозоль, 1 л.</title>
  <category href="/category/avtokonservanty-30594/">Автоконсерванты</category>
  <price>402 ₽</price>
  <text>
<![CDATA[Описание  Предназначен для долговременной антикоррозионной защиты скрытых полостей кузова автомобиля (лонжеронов, порогов, пола салона, корпусов дверей, стоек и т.п.). Применяется для временной антикоррозионной защиты наружных поверхностей автомобиля (днища, порогов, арок колес и т.п.), используется для консервации автотехники и металлических изделий для длительного хранения и транспортировки.Устойчив к воздействию воды и водных растворов солей, применяемых для обработки дорог. Наличие мельчайших хлопьев цинка создаёт дополнительную электрохимическую защиту обработанных поверхностей, значительно снижает риск возникновения подслойной коррозии. При соблюдении технологии нанесения состав сохраняет свои защитные свойства в течение всего срока эксплуатации автомобиля.Расположеное на конце удлинительной трубки сопло формирует всенаправленный факел, равномерно покрывающий все поверхности скрытых полостей автомобильного кузова.]]>  </text>
</doc>
