<?xml version="1.0" ?>
<doc href="https://www.ozon.ru/context/detail/id/141242599/">
  <title>Моторное масло Ford &quot;Formula&quot;, синтетическое, 5W-40, 1 л</title>
  <category href="/category/avtomobilnye-motornye-masla-34118/">Автомобильные моторные масла</category>
  <price>624 ₽</price>
  <text>
<![CDATA[Описание  Моторное масло Ford "Formula" - полностью синтетическое моторное масло с высокими эксплуатационными  характеристиками для бензиновых и дизельных двигателей, включая двигатели TDI, а также двигатели,  оборудованные сажевыми фильтрами. Обеспечивает защиту от износа и образования отложений. Способствует  максимальному снижению трения, увеличению мощности и ресурса двигателя. Выполняет требования  спецификации Ford M2C917-A.  Допуски:  OEM: WSS-M2C917-A ACEA:A3/B4/C3 API: SM/CF. Товар сертифицирован.     Уважаемые клиенты! Обращаем ваше внимание на возможные изменения в дизайне упаковки. Поставка осуществляется в зависимости от наличия на складе.]]>  </text>
</doc>
