<?xml version="1.0" ?>
<doc href="https://www.ozon.ru/context/detail/id/139962695/">
  <title>Масло моторное Liqui Moly &quot;Molygen New Generation&quot;, НС-синтетическое, 5W-40, 5 л</title>
  <category href="/category/avtomobilnye-motornye-masla-34118/">Автомобильные моторные масла</category>
  <price>4 469 ₽</price>
  <text>
<![CDATA[Описание  Масло моторное Liqui Moly "Molygen New Generation" - моторное масло на базе  HC-синтетической технологии с фирменным антифрикционным пакетом  присадок Molygen, созданным на основе новейшей технологии Molecular Friction  Control. Оптимально для автомобилей европейского и российского рынка.  Экономит до 3,5% топлива и существенно продлевает ресурс двигателя.  Моторное масло удовлетворяет современным спецификациям API/ACEA.   Особенности:  - Наивысшая защита от износа - Высокие показатели топливной экономии - Быстрое поступление масла к деталям двигателя при низких температурах - Очень низкий расход масла - Отличная чистота двигателя - Экономия топлива и снижение вредных выбросов - Проверено на системах с турбинами, компрессорами и катализаторами Моторное масло Molygen NG 5W-40 благодаря новейшей формуле MFC  позволяет существенно увеличить ресурс двигателя и сэкономить за счет  снижения расхода топлива. Соответствия и допуски: - API: CF/SN - ACEA: A3/B4 - BMW: Longlife-01 - MB: 229.5 - Porsche: A40 - Renault: RN 0700 - VW: 502 00/505 00  Показать полностью]]>  </text>
</doc>
