<?xml version="1.0" ?>
<doc href="https://www.ozon.ru/context/detail/id/141242656/">
  <title>Масло моторное MAZDA &quot;Original Oil Ultra&quot;, синтетическое, класс вязкости 5W30, 5 л</title>
  <category href="/category/avtomobilnye-motornye-masla-34118/">Автомобильные моторные масла</category>
  <price>3 226 ₽</price>
  <text>
<![CDATA[Описание  Синтетическое моторное масло MAZDA "Original Oil Ultra" SAE  5W-30 предназначено для всех видов эксплуатации  всесезонного применения. Наилучшим образом подходит для  для применения при низких температурах зимой.]]>  </text>
</doc>
