<?xml version="1.0" ?>
<doc href="https://www.ozon.ru/context/detail/id/139962604/">
  <title>Масло моторное Liqui Moly &quot;Optimal&quot;, полусинтетическое, 10W-40, 1 л</title>
  <category href="/category/avtomobilnye-motornye-masla-34118/">Автомобильные моторные масла</category>
  <price>619 ₽</price>
  <text>
<![CDATA[Описание  Масло моторное Liqui Moly "Optimal" - это полусинтетическое моторное масло с адаптированным для российских условий пакетом присадок, которые в сочетании с вязкостью 10W-40 обеспечивают высокий уровень защиты. Масло оптимально подходит для таких российских марок, как ВАЗ и ГАЗ. Optimal 10W-40 удовлетворяет современным международным стандартам API/ACEA.  В моторном масле используются синтетические и минеральные базовые компоненты, отличающиеся высокими защитными свойствами. Масло содержит современный пакет присадок, который обеспечивает высокий уровень защиты от износа и гарантирует стабильное поступление масла ко всем деталям двигателя.]]>  </text>
</doc>
