<?xml version="1.0" ?>
<doc href="https://www.ozon.ru/context/detail/id/142954423/">
  <title>Масло моторное G-Energy &quot;F Synth&quot;, 5W-30, API SM/CF, ACEA A3/B4, синтетическое, 4 л</title>
  <category href="/category/avtomobilnye-motornye-masla-34118/">Автомобильные моторные масла</category>
  <price>1 697 ₽</price>
  <text>
<![CDATA[Описание  Полностью синтетическое моторное масло G-Energy "F Synth". Разработано для бензиновых и дизельных двигателей (в том числе с турбонаддувом) легковых автомобилей, микроавтобусов и легких грузовиков, работающих в различных условиях эксплуатации как в тяжёлых, как и нет. Обеспечивает надёжную смазку пар трения при холодном пуске двигателя. Превосходные моющие свойства масла обеспечивают чистоту деталей двигателя. Отличные противоизносные свойства обеспечивают максимальный ресурс двигателя. Использование высококачественных базовых масел и эффективного пакета присадок позволяет максимально долго сохранить эксплуатационные свойства масла, что обеспечивает увеличение интервала замены масла и технического обслуживания автомобиля. Низкий расход масла на угар за счет специально подобранных базовых компонентов. Одобрения / Соответствия / Уровень свойств: ACEA A3/B4; MB 229.5; VW 502 00/505 00; BMW LL-01; Renault RN0700; GM LL-A/B-025.]]>  </text>
</doc>
