<?xml version="1.0" ?>
<doc href="https://www.ozon.ru/context/detail/id/140183684/">
  <title>Масло моторное Castrol &quot;Magnatec Diesel&quot;, синтетическое, класс вязкости 5W-40, DPF, 4 л</title>
  <category href="/category/avtomobilnye-motornye-masla-34118/">Автомобильные моторные масла</category>
  <price>2 280 ₽</price>
  <text>
<![CDATA[Описание  До 75% износа двигателя происходит во время его пуска и прогрева. Когда двигатель выключен, обычное масло стекает в поддон картера, оставляя важнейшие детали двигателя незащищенными. Молекулы Castrol "Magnatec Diesel" подобно магниту притягиваются к деталям двигателя и образуют сверхпрочную масляную пленку, обеспечивающую дополнительную защиту двигателя в период пуска, когда риск возникновения износа существенно возрастает.Моторное масло Castrol "Magnatec Diesel" предназначено для дизельных и бензиновых двигателей легковых автомобилей, где производитель рекомендует смазочные материалы, соответствующие классу вязкости SAE 5W-40 и спецификациям API SN/CF или ACEA C3, включая автомобили оснащенные сажевым фильтром (DPF).Castrol "Magnatec Diesel" защищает двигатель всегда:- специальная технология производства дизельных масел поддерживает эффективность работы двигателя с системой подачи топлива "common rail" и быстроту реагирования на нажатие педали акселератора;- эффективно удерживает сажу, образующуюся в процессе работы двигателя, сводя к минимуму загустевание масла.Castrol "Magnatec Diesel" может использоваться в двигателях с промежуточным охлаждением наддувочного воздуха и турбонаддувом, TDI, DI и CRDI.СПЕЦИФИКАЦИИACEA C3API SN/CFBMW Longlife-04dexos2® (заменяет GM-LL-B-025 and GM-LL-A-025 : GB2C0923082)Meets Fiat 9.55535-S2Meets Ford WSS-M2C917-AMB-Approval 229.31VW 502 00 / 505 00/ 505 01Товар сертифицирован.Проверить оригинальность:  https://www.castrol-original.ru/checking  Показать полностью]]>  </text>
</doc>
