<?xml version="1.0" ?>
<doc href="https://www.ozon.ru/context/detail/id/141242671/">
  <title>Моторное масло &quot;Mitsubishi&quot;, API SN, синтетическое, класс вязкости 5w30, 4 л</title>
  <category href="/category/avtomobilnye-motornye-masla-34118/">Автомобильные моторные масла</category>
  <price>2 688 ₽</price>
  <text>
<![CDATA[Описание  Высококачественное энергосберегающее моторное масло. Рекомендуется для использования в бензиновых и дизельных двигателях автомобилей Mitsubishi .]]>  </text>
</doc>
