<?xml version="1.0" ?>
<doc href="https://www.ozon.ru/context/detail/id/140541200/">
  <title>Моторное масло Elf &quot;Evolution. 900&quot;, 5W-50, 4 л</title>
  <category href="/category/avtomobilnye-motornye-masla-34118/">Автомобильные моторные масла</category>
  <price>1 875 ₽</price>
  <text>
<![CDATA[Описание  Высококачественный смазочный материал, созданный с применением синтетической технологии ELF, для бензиновых и дизельных двигателей  легковых автомобилей. Особенно рекомендуется к применению в наиболее сложных погодных условиях. Легкий пуск как при очень низкой, так и  при очень высокой температуре. Превосходная защита двигателя, особенно от износа в системе газораспределения.  Одобрения и спецификации API SG/CD]]>  </text>
</doc>
