<?xml version="1.0" ?>
<doc href="https://www.ozon.ru/context/detail/id/139962609/">
  <title>Масло моторное Liqui Moly &quot;Optimal Synth&quot;, НС-синтетическое, 5W-40, 4 л</title>
  <category href="/category/avtomobilnye-motornye-masla-34118/">Автомобильные моторные масла</category>
  <price>2 549 ₽</price>
  <text>
<![CDATA[Описание  Масло моторное Liqui Moly "Optimal Synth" - это HC-синтетическое моторное  масло с адаптированным для российских условий пакетом присадок.  Благодаря новейшим технологиям синтеза и вязкости 5W-40 масло  обеспечивает высокий уровень защиты и оптимальное смазывание деталей  двигателя. Масло удовлетворяет современным международным стандартам  API/ACEA.  Масло создано на основе базовых компонентов, произведенных по технологии  HC-синтеза, с учетом самых высоких требований, предъявляемых  современными и мощными бензиновыми и дизельными двигателями. Оно  обеспечивает отличную смазку при любых условиях эксплуатации.  Одновременно снижается до минимума трение, в результате чего  уменьшается расход топлива.   Особенности:  - Быстрое поступление масла к деталям двигателя при низких температурах.  - Надежная защита от износа. - Низкий расход масла. - Оптимальная чистота двигателя. - Экономия топлива и снижение вредных выбросов. - Проверено на турбированных двигателях и катализаторе.]]>  </text>
</doc>
