<?xml version="1.0" ?>
<doc href="https://www.ozon.ru/context/detail/id/147279088/">
  <title>Моторное масло Eni i-Sint TD, полусинтетическое, 10W40, CF/SH, ACEA B4/A3, 5 л</title>
  <category href="/category/avtomobilnye-motornye-masla-34118/">Автомобильные моторные масла</category>
  <price>1 719 ₽</price>
  <text>
<![CDATA[Описание  Eni i-Sint TD 10W-40 — это полусинтетическое всесезонное моторное масло, разработанное на основе самых современных синтетических технологий для всех типов бензиновых и дизельных двигателей (атмосферных и турбированных), в том числе работающих в трудных условия.]]>  </text>
</doc>
