<?xml version="1.0" ?>
<doc href="https://www.ozon.ru/context/detail/id/149463136/">
  <title>Моторное масло Total Quartz 9000 Energy Hks, синтетическое, 5 л</title>
  <category href="/category/avtomobilnye-motornye-masla-34118/">Автомобильные моторные масла</category>
  <price>2 340 ₽</price>
  <text>
<![CDATA[Описание  TOTAL QUARTZ 9000 ENERGY HKS G-310 5W-30 - моторное масло, специально разработанный для удовлетворения требований двигателей Kia и Hyundai, используется в качестве масла «первой» заливки на заводах KIA. Высокое качество данного продукта обеспечивает высокий уровень защиты двигателя от износа.  Уважаемые клиенты! Обращаем ваше внимание на возможные изменения в дизайне упаковки. Поставка осуществляется в зависимости от наличия на складе.]]>  </text>
</doc>
