<?xml version="1.0" ?>
<doc href="https://www.ozon.ru/context/detail/id/141361894/">
  <title>Масло моторное Bardahl &quot;XTEC&quot;, синтетическое, 5W-40, 5 л</title>
  <category href="/category/avtomobilnye-motornye-masla-34118/">Автомобильные моторные масла</category>
  <price>2 624 ₽</price>
  <text>
<![CDATA[Описание  Специальное синтетическое масло премиум класса, разработано для бензиновых и дизельных двигателей последнего поколения, оснащенных системами очисти выхлопных газов, которые требуют использования масла LOW-SAPS (с низким содержанием золы, фосфора и серы). Благодаря уникальной формуле, продукт имеет высокую вязкость HTHS и обеспечивает экономию топлива. Этот продукт обеспечивает высочайшую производительность, отличные противоизносные свойства, высокую текучесть при низких температурах и сохраняет стабильную вязкость при ее росте. Идеально для спортивного стиля вождения, благодаря высокой концентрации Polar Plus - Fullerene C60, значительно увеличивает производительность двигателя, защищая его от износа и коррозии.   ACEA C3   API SM-CF OEM MB 229.51-226.5 / BMW Longlife 04/VW502.00-505.01 /Ford WSS-M2C917A / Renault RN0700-RN0710 / GM dexos 2 / Porsche А40]]>  </text>
</doc>
