<?xml version="1.0" ?>
<doc href="https://www.ozon.ru/context/detail/id/150108677/">
  <title>Масло моторное STARKRAFT LEO 5w-40 S</title>
  <category href="/category/avtomobilnye-motornye-masla-34118/">Автомобильные моторные масла</category>
  <price>544 ₽</price>
  <text>
<![CDATA[Описание  API SN/CF ACEA A3/B4VW 502.00/505.00MB 229.3, MB 226.5Porsche A40BMW Longlife-01Renault RN0700/RN0710GM LL-B-025Fiat 9.55535-M2STARKRAFT LEO 5w-40 S - универсальное синтетическое моторное масло последнего поколения, очень высокого класса, созданное с использованием синтетических базовых компонентов и комплекса присадок «S-intelect».Рекомендовано к использованию в современных высокофорсированных бензиновых и дизельных двигателях (с турбонаддувом и без) легковых автомобилей, легких грузовиков и микроавтобусов, где рекомендованы смазочные материалы эксплуатационного класса API SN/CF (или более ранних спецификаций) или ACEA A3/B3/B4 и соответствующего класса вязкости SAE 5w-40.ПРЕИМУЩЕСТВА:· Комплекс присадок «S-intelect» обеспечивает «умную» защиту двигателя, оптимизируя его работу в зависимости от условий и режимов эксплуатации, активизируя соответствующие компоненты комплекса присадок.· «S-intelect» гарантирует надежную защиту деталей двигателя от износа при любых условиях работы, продлевая его ресурс.· Прекрасные моющие и диспергирующие свойства препятствуют образованию отложений на деталях двигателя и обеспечивают его максимальный ресурс.· Снижает износ деталей двигателя, гарантируют надежную смазку при длительной работе на максимальных скоростях и нагрузках.· «S-intelect» предотвращает ускоренное окисление масла, сохраняет вязкостно – температурные свойства в течении всего срока эксплуатации.· Превосходные эксплуатационные характеристики при холодном запуске.· Соответствует требованиям производителей для масел с увеличенным интервалом замены.· «S-intelect» снижает трение и расход топлива.  Показать полностью]]>  </text>
</doc>
