<?xml version="1.0" ?>
<doc href="https://www.ozon.ru/context/detail/id/140893131/">
  <title>Моторное масло MANNOL &quot;7705 O.E.M.&quot;, для Renault и Nissan, класс вязкости 5W-40, синтетическое, 4 л</title>
  <category href="/category/avtomobilnye-motornye-masla-34118/">Автомобильные моторные масла</category>
  <price>1 375 ₽</price>
  <text>
<![CDATA[Описание  MANNOL "7705 O.E.M." - синтетическое моторное масло нового поколения,  предназначенное для двигателей легковых автомобилей Renault и Nissan. Разработано  специально для бензиновых и дизельных двигателей (без DPF) с системами непосредственного  впрыска, с турбонаддувом или без него. Обладает высокими антиокислительными свойствами и  превосходными моюще-диспергирующими характеристиками, что предупреждает образование  отложений на деталях двигателя. Обеспечивает легкий пуск двигателя при низких температурах.  Применимо при любых условиях эксплуатации (езда по городу, автостраде и автомагистрали), в  том числе и в экстремальных условиях. Создано специально для выполнения требований  производителей двигателей Renault/Nissan по увеличению интервалов замены масла.  Спецификация: SAE 5W-40 API SN/CF ACEA A3/B4 MB 229.3 PORSCHE A40 VW 502.00/505.00 OPEL GM-LL-A/B-025 RENAULT RN 0700/0710 NISSAN/INFINITI  Товар сертифицирован.]]>  </text>
</doc>
