<?xml version="1.0" ?>
<doc href="https://www.ozon.ru/context/detail/id/150614651/">
  <title>Моторное масло RAVENOL STS SAE 5W-30 ( 5л)</title>
  <category href="/category/avtomobilnye-motornye-masla-34118/">Автомобильные моторные масла</category>
  <price>3 107 ₽</price>
  <text>
<![CDATA[Описание  Полностью cинтетическое легкотекучее моторное масло с запатентованной технологией Clean-Synto для легковых бензиновых и дизельных двигателей с и без турбонадува и прямым впрыском топлива,]]>  </text>
</doc>
