<?xml version="1.0" ?>
<doc href="https://www.ozon.ru/context/detail/id/150872619/">
  <title>Моторное масло Mobil Super 3000 x1, 150011, синтетическое, 5W-40, 20 л</title>
  <category href="/category/avtomobilnye-motornye-masla-34118/">Автомобильные моторные масла</category>
  <price>8 123 ₽</price>
  <text>
<![CDATA[Описание  Mobil Super 3000 X1 5W-40 представляет собой синтетическое моторное масло, обеспечивающее длительный срок службы двигателей в автомобилях различных типов и годов выпуска, а также повышенный уровень их защиты в широком диапазоне температур.Уважаемые клиенты!Обращаем ваше внимание на то, что упаковка может иметь несколько видов дизайна. Поставка осуществляется в зависимости от наличия на складе.]]>  </text>
</doc>
