<?xml version="1.0" ?>
<doc href="https://www.ozon.ru/context/detail/id/147279084/">
  <title>Моторное масло Eni i-Sint EUROSPORTS, синтетическое, 5W50, API SL, 1 л</title>
  <category href="/category/avtomobilnye-motornye-masla-34118/">Автомобильные моторные масла</category>
  <price>629 ₽</price>
  <text>
<![CDATA[Описание  Eni Eurosport 5W-50 - полностью синтетическое моторное масло, разработанное на основе синтетических базовых масел (полиальфаолефинов) для бензиновых и дизельных двигателей, эксплуатируемых в тяжелых условиях (высокая мощность двигателя, частые остановки, длительная езда по шоссе).  Уважаемые клиенты! Обращаем ваше внимание на возможные изменения в дизайне упаковки. Поставка осуществляется в зависимости от наличия на складе.]]>  </text>
</doc>
