<?xml version="1.0" ?>
<doc href="https://www.ozon.ru/context/detail/id/150872625/">
  <title>Моторное масло Mobil Delvac MX, минеральное, 15W-40, 20 л</title>
  <category href="/category/avtomobilnye-motornye-masla-34118/">Автомобильные моторные масла</category>
  <price>5 231 ₽</price>
  <text>
<![CDATA[Описание  Mobil Delvac MX 15W-40 – масло с высочайшими эксплуатационными характеристиками для дизелей, которое обеспечивает отличное смазывание современных двигателей и способствует продлению их срока службы. Как результат, этот продукт превосходит требования практически всех крупных европейских и американских производителей двигателей или соответствует им. Его высочайшие эксплуатационные свойства подтверждены на практике в самых разнообразных отраслях и условиях, в том числе и в смешанных автомобильных парках.]]>  </text>
</doc>
