<?xml version="1.0" ?>
<doc href="https://www.ozon.ru/context/detail/id/140564891/">
  <title>Моторное масло Shell Helix HX8 Synthetic, синтетическое, 5W-40, 1 л</title>
  <category href="/category/avtomobilnye-motornye-masla-34118/">Автомобильные моторные масла</category>
  <price>480 ₽</price>
  <text>
<![CDATA[Описание  Моторное масло Shell Helix HX8 Synthetic 5w40 - полностью синтетическое масло и имеет уникальные моющие свойства. HX8 Synthetic от «Шелл»  увеличивает срок службы мотора, обеспечивая его защиту от износа даже в самых экстремальных условиях эксплуатации.  Этот смазочный материал имеет низкий расход, благодаря чему снижается частота его долива. HX8 Synthetic может использоваться в дизельных  и бензиновых двигателях, а также в моторах, работающих на бензино-этаноловом и биодизельном топливе. Допуски и одобрения: MB 229.3; VW 502.00/505.00; Renault RN0700, RN0710 Fiat 9.55535-N2 и 9.55535-M2.  Проверить оригинальность:  http://www.ac.shell.com]]>  </text>
</doc>
