<?xml version="1.0" ?>
<doc href="https://www.ozon.ru/context/detail/id/141242572/">
  <title>Масло моторное &quot;VAG&quot;, класс вязкости 5W-40, 5 л</title>
  <category href="/category/avtomobilnye-motornye-masla-34118/">Автомобильные моторные масла</category>
  <price>3 867 ₽</price>
  <text>
<![CDATA[Описание  Моторное масло VW SAE 5W-40 предназначено для современных бензиновых и дизельных двигателей, включая турбированные легковых автомобилей, микроавтобусов и джипов концерна Volkswagen/VW. Надёжно защищает двигатель при экстремально тяжёлых условиях эксплуатации, включая эксплуатацию автотранспорта в городском цикле . Допуски OEM VW 505 01; VW 502 00]]>  </text>
</doc>
