<?xml version="1.0" ?>
<doc href="https://www.ozon.ru/context/detail/id/141132914/">
  <title>Моторное масло Total &quot;Quartz Ineo Long Life 5W-30&quot;, 5 л</title>
  <category href="/category/avtomobilnye-motornye-masla-34118/">Автомобильные моторные масла</category>
  <price>2 903 ₽</price>
  <text>
<![CDATA[Описание  Малозольное моторное масло Total "Quartz Ineo Long Life 5W-30" нового поколения, разработанное  специально для двигателей немецких автопроизводителей. Оптимизирует работу систем  доочистки выхлопных газов, в частности, сажевого фильтра. Международные стандарты:  Acea C3. Одобрения автопроизводителей: VW 504.00/507.00, BMW LL-04, MB 229.51, Porsche  C30.]]>  </text>
</doc>
