<?xml version="1.0" ?>
<doc href="https://www.ozon.ru/context/detail/id/141905818/">
  <title>Масло моторное ЛУКОЙЛ ЛЮКС, полусинтетическое SAE 5W-40, API SL/CF, 4 л</title>
  <category href="/category/avtomobilnye-motornye-masla-34118/">Автомобильные моторные масла</category>
  <price>1 094 ₽</price>
  <text>
<![CDATA[Описание  ОдобренияAPI SL-licensed (SAE 5W-30, 5W-40, 10W-40)ПП «МеМЗ» (SAE 5W-40)ПАО «ЗМЗ»ОАО «УМЗ» (SAE 10W-40)ОАО «АВТОВАЗ» (SAE 5W-30, 5W-40, 10W-40)Соответствия требованиямAPI SL/CF (SAE 10W-30)API CF (SAE 5W-30, 5W-40, 10W-40)ПАО «ЗМЗ» (SAE 10W-30)ОАО «УМЗ» (SAE 10W-30)ОАО «АВТОВАЗ» (SAE 10W-30)ЛУКОЙЛ ЛЮКС полусинтетическое SAE 5W-30, 5W-40, 10W-30, 10W-40, API SL/CF – высококачественные полусинтетические универсальные всесезонные моторные масла. Производятся с использованием высококачественных базовых масел и высокоэффективного пакета присадок зарубежного производства.Подходит для автомобилей марок: GEELY, GREAT WALL, VOLKSWAGEN, HYUNDAI, KIA, LIFAN, RENAULT, TOYOTA, ЛАДА, УАЗ, ГАЗ.]]>  </text>
</doc>
