<?xml version="1.0" ?>
<doc href="https://www.ozon.ru/context/detail/id/141361891/">
  <title>Масло моторное Bardahl &quot;XTEC&quot;, синтетическое, 5W-30, 5 л. 36153</title>
  <category href="/category/avtomobilnye-motornye-masla-34118/">Автомобильные моторные масла</category>
  <price>2 998 ₽</price>
  <text>
<![CDATA[Описание  Синтетическое моторное масло Bardahl "XTEC" для экономии топлива изготовлено из добавок последнего поколения, соответствующих Евро IV и V. Разработано специально для автомобилей, оснащенных сажевым фильтром (DPF). Содержит присадки, подходящие для каталитических нейтрализаторов последнего поколения. Особенно рекомендуется для двигателей, требующих производительности масла RENAULT RN720. BARDAHL XTEC 5W30 C4 подходит для бензиновых и дизельных двигателей, с турбонаддувом или без него, в пассажирские легковые автомобили и фургоны.]]>  </text>
</doc>
