<?xml version="1.0" ?>
<doc href="https://www.ozon.ru/context/detail/id/144371869/">
  <title>Масло моторное IDEMITSU &quot;ZEPRO ECO MEDALIST&quot;, синтетическое, 0W-20, API SN/GF, 1 л</title>
  <category href="/category/avtomobilnye-motornye-masla-34118/">Автомобильные моторные масла</category>
  <price>790 ₽</price>
  <text>
<![CDATA[Описание  Синтетическое энергосберегающее моторное масло для современных четырехтактных бензиновых двигателей, в том числе с турбонаддувом. Данный продукт произведен на основе синтетического базового масла с использованием запатентованной технологии ldemitsu Коsan Со.Ltd, благодаря чему обладает высоким индексом вязкости, превосходными смазывающими характеристиками при высоких температурах и уникальными пусковыми свойствами при низких температурах. Обеспечивает надежную защиту и экономичность современных двигателей легковых автомобилей, микроавтобусов и внедорожников.]]>  </text>
</doc>
