<?xml version="1.0" ?>
<doc href="https://www.ozon.ru/context/detail/id/139962650/">
  <title>Масло моторное Liqui Moly &quot;Top Tec 4500&quot;, НС-синтетическое, 5W-30, 1 л</title>
  <category href="/category/avtomobilnye-motornye-masla-34118/">Автомобильные моторные масла</category>
  <price>909 ₽</price>
  <text>
<![CDATA[Описание  Масло моторное Liqui Moly "Top Tec 4500" соответствует самым современным требованиям Ford, Mazda и Mitsubishi. Особо рекомендуется для дизельныx двигателей с DPF Ford; Jaguar; Mazda (кроме Mazda 3 1,6 DPF); Land Rover с 2009 модельного года; Mitsubishi Pajero 3.2 DID с 2007 модельного года.   HC-синтетическое малозольное (Low SAPS) моторное масло для круглогодичного использования в бензиновых и дизельных двигателях легковых автомобилей. Рекомендуется для современных дизельных двигателей с многоступенчатым катализатором и сажевым фильтром (DPF). Отлично подходит для использования в автомобилях, переоборудованных под использование природного и сжиженного газа (CNG/LPG). Имеет специальные допуски Mitsubishi, Mazda, Ford.  В моторных маслах Top Tec используются базовые компоненты, произведенные по новейшим технологиям синтеза и отличающиеся высочайшими защитными свойствами. Масла содержат специальный пакет присадок с пониженным содержанием соединений серы, фосфора и хлора, что обеспечивает совместимость со специфическими системами нейтрализации и обеспечивает минимальные выбросы вредных веществ.  Особенности:  - Сокращает вредные выбросы - Совместимо с новейшими системами нейтрализации выхлопных газов - Быстрое поступление масла к трущимся деталям при низких температурах - Высокая защита двигателя от износа - Обеспечивает чистоту двигателя Допуск:  -ACEA: C1]]>  </text>
</doc>
