<?xml version="1.0" ?>
<doc href="https://www.ozon.ru/context/detail/id/140579227/">
  <title>Масло моторное Motul &quot;300 V Power&quot;, синтетическое, 5W-40, 2 л</title>
  <category href="/category/avtomobilnye-motornye-masla-34118/">Автомобильные моторные масла</category>
  <price>3 187 ₽</price>
  <text>
<![CDATA[Описание  100% синтетическое моторное масло Motul "300 V Power" создано по технологии Ester Core. Масло повышает производительность двигателей  последнего поколения. Одновременно обеспечивается высокая защита от износа, предотвращается падение давления масла и его окисление при  высоких температурах. Обеспечивает мощность и надежность. Класс вязкости 5W-40 позволяет компенсировать среднюю степень разжижения  масла топливом и обеспечить стабильное давление. Использование: ралли, GT-чемпионат, шоссейно-кольцевые гонки.]]>  </text>
</doc>
