<?xml version="1.0" ?>
<doc href="https://www.ozon.ru/context/detail/id/140183713/">
  <title>Масло моторное Castrol &quot;Edge Professional LongLife&quot;, синтетическое, III 5W-30 Audi, 1 л</title>
  <category href="/category/avtomobilnye-motornye-masla-34118/">Автомобильные моторные масла</category>
  <price>900 ₽</price>
  <text>
<![CDATA[Описание  Полностью синтетическое моторное масло Castrol EDGE Professional произведено с использованием новейшей технологии TITANIUM FST. Технология TITANIUM FST на физическом уровне меняет поведение масла Castrol EDGE PROFESSIONAL в условиях экстремальных нагрузок. Основой технологии TITANIUM FST являются полимерные металлоорганические соединения, содержащие титан. Таким образом, титан становится компонентом масла и работает в унисон с технологией усиленной масляной плёнки Fluid Strength Technology (FST), которая была внедрена в 2011 году. Испытания подтвердили, что TITANIUM FST в 2 раза увеличивает прочность масляной плёнки, предотвращая её разрыв и снижая трение для максимальной производительности двигателя. Используя опыт сотрудничества с автопроизводителями, мы применили такую же технологию, которая ранее использовалась только при производстве масла для конвейерной заливки. Моторное масло Castrol EDGE Professional прошло многоуровневую микрофильтрацию. Контроль качества осуществляется с использованием новой технологии оптического измерения частиц Castrol – Optical Particle Measurement System (OPMS). Castrol EDGE Professional LongLife III 5W-30 предназначено для бензиновых и дизельных двигателей, в которых производитель агрегата предписывает применять моторные масла, соответствующие отраслевому стандарту ACEA C3 и классу вязкости SAE 5W-30. Castrol EDGE Professional LongLife III 5W-30 рекомендовано и одобрено к применению в двигателях автомобилей, требующих использования смазочных материалов, апробированных согласно спецификациям VW 504 00/ 507 00 или Porsche C30.]]>  </text>
</doc>
