<?xml version="1.0" ?>
<doc href="https://www.ozon.ru/context/detail/id/139962699/">
  <title>Масло моторное Liqui Moly &quot;Synthoil High Tech&quot;, синтетическое, 5W-50, 1 л</title>
  <category href="/category/avtomobilnye-motornye-masla-34118/">Автомобильные моторные масла</category>
  <price>1 099 ₽</price>
  <text>
<![CDATA[Описание  Масло моторное Liqui Moly "Synthoil High Tech" - 100% синтетическое универсальное моторное масло на базе полиальфаолефинов (ПАО) для большинства автомобилей, для которых требования к маслам опираются на международные классификации API и ACEA. В сочетании с вязкостью 5W-50 моторное масло обеспечивает надежную защиту двигателя в нагруженном высокотемпературном режиме: в жарких условиях, пробках, при агрессивном стиле вождения.  Использование современных, полностью синтетических базовых масел (ПАО) и передовых технологий в области разработок присадок гарантирует низкую вязкость масла при низких температурах, высокую надежность масляной пленки. Моторные масла линейки Synthoil предотвращают образование отложений в двигателе, снижают трение и надежно защищают от износа.  Особенности:  - Очень высокая стабильность к повышенным эксплуатационным температурам - Очень низкий расход масла - Быстрое поступление масла ко всем деталям двигателя при низких температурах - Высокая смазывающая способность - Замечательная термоокислительная стабильность и устойчивость к старению - Оптимальная чистота двигателя - Протестировано и совместимо с катализаторами и турбонаддувом Допуск:  -API: CF/SM -ACEA: A3/B4]]>  </text>
</doc>
