<?xml version="1.0" ?>
<doc href="https://www.ozon.ru/context/detail/id/140690124/">
  <title>Моторное масло Total &quot;Quartz Diesel 7000 10W40&quot;, 1 л</title>
  <category href="/category/avtomobilnye-motornye-masla-34118/">Автомобильные моторные масла</category>
  <price>337 ₽</price>
  <text>
<![CDATA[Описание  Моторное масло Total "Quartz Diesel 7000 10W40" на синтетической основе для дизельных  двигателей, с новой усовершенствованной рецептурой. Используемое базовое сырье усилено  специальными присадками, сообщающими маслу ряд превосходных свойств. ACEA A3/B4 API  SL/CF Одобрения автопроизводителей: PSA Peugeot CITROEN B71 2294&B71 2300 Volkswagen  501.01/505.00 Mercedes-Benz MB 229.1.]]>  </text>
</doc>
