<?xml version="1.0" ?>
<doc href="https://www.ozon.ru/context/detail/id/150614564/">
  <title>Моторное масло RAVENOL HST SAE 5W-40 (4л)</title>
  <category href="/category/avtomobilnye-motornye-masla-34118/">Автомобильные моторные масла</category>
  <price>3 183 ₽</price>
  <text>
<![CDATA[Описание  Описание: RAVENOL HST SAE 5W-40 полностью синтетическое моторное масло, изготовленное с применением технологии CleanSynto® для бензиновых и дизельных двигателей с и без турбонаддува и с непосредственным впрыском топлива для легковых автомобилей. Минимизирует трение, износ, сокращает расход топлива, обеспечивает прекрасные свойства при холодном старте. Удлиненные интервалы замены согласно требованиям автопроизводителей.RAVENOL HST SAE 5W-40 гарантирует работу двигателя при любых режимах эксплуатации, например, при режимах «старт-стоп», а также в условиях езды по трассе.Применение:RAVENOL HST SAE 5W-40 является энергосберегающим, всесезонным моторным маслом для современных бензиновых и дизельных двигателей легковых автомобилей, автомобилей с кузовом-универсалом, транспорта малой грузоподъемности, специально разработано для турбированных двигателей и оснащенных катализатором.  Преимущества и свойства:RAVENOL HST SAE 5W-40 обеспечивает:• высокую защиту от износа• экономию топлива благодаря легкотекучим свойствам• прекрасные моющие и диспергирующие свойства• Защиту от образования шлама• увеличенный срок службы благодаря стабильности к окислению• прекрасные свойства при «холодном» пуске• очень хорошие вязкостно-температурные свойства• низкая склонность к испарению• чистоту катализаторов  Показать полностью]]>  </text>
</doc>
