<?xml version="1.0" ?>
<doc href="https://www.ozon.ru/context/detail/id/139962573/">
  <title>Масло моторное Liqui Moly &quot;Optimal HT Synth&quot;, НС-синтетическое, 5W-30, 4 л</title>
  <category href="/category/avtomobilnye-motornye-masla-34118/">Автомобильные моторные масла</category>
  <price>2 489 ₽</price>
  <text>
<![CDATA[Описание  Масло моторное Liqui Moly "Optimal HT Synth" - универсальное моторное масло  на базе гидрокрекинговой технологии синтеза (HC-синтеза). Удовлетворяет  современным требованиям международных стандартов API и ACEA.  Оптимально для современных моделей ВАЗ и иномарок с аналогичными  требованиями. Отлично подходит для двигателей с турбонаддувом и  катализаторами. Масло обладает популярнейшим классом вязкости для  современных автомобилей.  Это современное моторное мало с хорошими антифрикционными свойствами  высшего класса для всесезонного применения. Комбинация необычных базовых  масел на основе гидрокрекинга и самой современной технологии присадок  гарантирует получение моторного масла, которое снижает расход масла и  топлива и заботится о быстрейшей смазке двигателя.  Особенности:  - легкий ход мотора, - высокая устойчивость смазки, - высокая стабильность, - превосходная устойчивость к старению, - быстрое снабжение маслом при низких температурах,  - оптимальное давление масла при всех условиях применения, - отличная защита от износа, - отличная чистота мотора, - экономит топливо и снижает выброс вредных веществ, - долгий срок жизни мотора, - пригодно к смешиванию с аналогичными моторными маслами, - проверено на катализаторах и турбонагнетателях.  Допуск: -ACEA: A3/B4  Соответствие: -API: CF/SN -BMW: Longlife-98 -Chrysler: Chrysler -Ford: Ford -GM: GM -MB: 229.3 -VW: 502 00/505 00 -Daihatsu: Daihatsu -Honda: Honda -Hyundai: Hyundai -Kia: Kia -Isuzu: Isuzu -Mazda: Mazda -Mitsubishi: Mitsubishi -Nissan: Nissan -Suzuki: Suzuki -Toyota: Toyota -Subaru: Subaru  Показать полностью]]>  </text>
</doc>
