<?xml version="1.0" ?>
<doc href="https://www.ozon.ru/context/detail/id/150872616/">
  <title>Моторное масло Mobil 1 FS, 153689, синтетическое, 0W-40, 20 л</title>
  <category href="/category/avtomobilnye-motornye-masla-34118/">Автомобильные моторные масла</category>
  <price>14 144 ₽</price>
  <text>
<![CDATA[Описание  Полностью синтетическое моторное масло Mobil 1 FS 0W-40 European Car Formula (Северная Америка) или Protection Formula (другие регионы мира) разработано для новейших бензиновых и дизельных двигателей (без дизельных сажевых фильтров) и демонстрирует отличные эксплуатационные свойства. Обеспечивает исключительную чистоту двигателя и высокую эффективность его защиты от износа, а также  другие важные эксплуатационные преимущества. С маслом Mobil 1 FS 0W-40 двигатель работает как новый в любых условиях вождения и эксплуатации.]]>  </text>
</doc>
