<?xml version="1.0" ?>
<doc href="https://www.ozon.ru/context/detail/id/141361864/">
  <title>Масло моторное Bardahl &quot;XTС&quot;, НС-синтетическое, 5W-40, 5 л</title>
  <category href="/category/avtomobilnye-motornye-masla-34118/">Автомобильные моторные масла</category>
  <price>2 207 ₽</price>
  <text>
<![CDATA[Описание  Высококачественное синтетическое моторное масло для бензиновых и дизельных двигателей, с турбонаддувом или без. Расширенный интервал замены масла. Отличная защита при холодном запуске и в любых скоростных режимах. Bardahl XTC 5W40 можно использовать круглый год. Очень хорошая текучесть при низкой температуре.   ACEA A3/B4 (12)   API SN / CF OEM MB 229.1, 502.00/505.00]]>  </text>
</doc>
