<?xml version="1.0" ?>
<doc href="https://www.ozon.ru/context/detail/id/140690129/">
  <title>Моторное масло Total &quot;Quartz Ineo First 0W30&quot;, 4 л</title>
  <category href="/category/avtomobilnye-motornye-masla-34118/">Автомобильные моторные масла</category>
  <price>Товар закончился</price>
  <text>
<![CDATA[Описание  Total "Quartz Ineo First 0W30" применяется концерном PSA PEUGEOT CITROEN в качестве  моторного масла первой заливки и рекомендуется для послепродажного обслуживания.  Моторное масло, разработанное по синтетической технологии, обеспечивает двигатель  максимальной защитой от износа и от образования отложений. Благодаря малозольной формуле  (низкое содержание серы, фосфора, пониженная зольность) масло обеспечивает долгое и  правильное функционирование системы доочистки выхлопных газов, чувствительных к  смазочным материалам и дорогих в обслуживании. Применение TOTAL QUARTZ INEO FIRST 0W30  позволяет экономить, не требуя при этом изменения стиля вождения. Подходит для наиболее  сложных условий эксплуатации (езда от двери до двери, спортивное вождение, старт-стоп, езда в  городе и т.д.). Синтетическая технология. Экономия топлива и LOW SAPS. Международные спецификации: ACEA C1 и C2 2010. Одобрения автопроизводителей: PSA PEUGEOT CITROEN B71 2312.]]>  </text>
</doc>
