<?xml version="1.0" ?>
<doc href="https://www.ozon.ru/context/detail/id/150614594/">
  <title>Моторное масло RAVENOL VEG SAE 5W-40 (4л)</title>
  <category href="/category/avtomobilnye-motornye-masla-34118/">Автомобильные моторные масла</category>
  <price>3 164 ₽</price>
  <text>
<![CDATA[Описание  Полностью синтетическое высоколегированное моторное масло для использования в двигателях, работающих на природном газе.]]>  </text>
</doc>
