<?xml version="1.0" ?>
<doc href="https://www.ozon.ru/context/detail/id/139962691/">
  <title>Масло моторное Liqui Moly &quot;Molygen New Generation&quot;, НС-синтетическое, 5W-30, 4 л</title>
  <category href="/category/avtomobilnye-motornye-masla-34118/">Автомобильные моторные масла</category>
  <price>3 489 ₽</price>
  <text>
<![CDATA[Описание  Масло моторное Liqui Moly "Molygen New Generation" - моторное масло на базе HC-синтетической технологии с фирменным антифрикционным  пакетом присадок Molygen, созданным на основе новейшей технологии Molecular Friction Control. Эта технология работает посредством  легирования поверхностного слоя деталей двигателя ионами молибдена и вольфрама. В результате легированные поверхности обладают  очень высоким запасом прочности, который сохраняется на долгий срок.  Оптимально для автомобилей американского и азиатского рынка. Экономит до 5% топлива и существенно продлевает ресурс двигателя.  Моторное масло удовлетворяет самым современным спецификациям API SN и ILSAC GF-5 и имеет самый популярнейший класс вязкости для  современных автомобилей.   Особенности:  - Наивысшая защита от износа - Высочайшие показатели топливной экономии - Быстрое поступление масла ко всем деталям двигателя при низких  температурах - Сокращает эмиссию выхлопных газов - Отличная чистота двигателя - Совместимо с современными системами нейтрализации отработавших газов  бензиновых двигателей - Очень низкий расход масла  Моторное масло Molygen NG 5W-30 благодаря новейшей формуле MFC  позволяет существенно увеличить ресурс двигателя и сэкономить за счет  снижения расхода топлива.  Соответствия и допуски: - API: SN - ILSAC: GF-5 - Chrysler: Chrysler - Ford: Ford - GM: GM - Daihatsu: Daihatsu - Honda: Honda - Hyundai: Hyundai - Kia: Kia - Isuzu: Isuzu - Mazda: Mazda - Mitsubishi: Mitsubishi - Nissan: Nissan - Suzuki: Suzuki - Toyota: Toyota - Subaru: Subaru  Показать полностью]]>  </text>
</doc>
