<?xml version="1.0" ?>
<doc href="https://www.ozon.ru/context/detail/id/147282211/">
  <title>Масло моторное ЛУКОЙЛ ЛЮКС ТУРБO ДИЗЕЛЬ, полусинтетическое, 10W-40, CF, 5 л</title>
  <category href="/category/avtomobilnye-motornye-masla-34118/">Автомобильные моторные масла</category>
  <price>1 187 ₽</price>
  <text>
<![CDATA[Описание  ЛУКОЙЛ ЛЮКС ТУРБО ДИЗЕЛЬ полусинтетическое SAE 10W-40, API CF – высококачественное всесезонное моторное масло. Предназначено для современных дизельных двигателей легковых автомобилей, микроавтобусов и легких грузовиков, в том числе оборудованных наддувом.  ОБЛАСТЬ ПРИМЕНЕНИЯ Уникальный комплекс «НОВАЯ ФОРМУЛА» обеспечивает «интеллектуальную защиту» двигателя, активируя соответствующие компоненты при разных условиях работы. При низких температурах окружающего воздуха активируются «холодные» компоненты, способствующие легкому пуску двигателя. При предельных нагрузках и экстремально высоких температурах в двигателе активируются «горячие» компоненты, поддерживающие вязкость масла на требуемом уровне.  Комплекс «НОВАЯ ФОРМУЛА» создает на внутренних поверхностях двигателя стабильную и упругую пленку, обеспечивая их надежную защиту от износа при любых условиях работы, продлевая ресурс двигателя. Благодаря снижению трения повышается КПД двигателя, достигается экономия топлива и снижение уровня шума.  Комплекс «НОВАЯ ФОРМУЛА» – «интеллектуальная защита» в любых условиях.  ПРЕИМУЩЕСТВА - Способствует легкому пуску двигателя при низких температурах; - Обеспечивает надежную защиту двигателя от износа и коррозии в жестких условиях эксплуатации; - Предотвращает образование высоко- и низкотемпературных отложений на деталях двигателя; - Не оказывает вредного воздействия на каталитический нейтрализатор автомобиля; - Комплекс «НОВАЯ ФОРМУЛА» способствует повышению КПД двигателя, обеспечивает экономию топлива и снижение уровня шума.]]>  </text>
</doc>
