<?xml version="1.0" ?>
<doc href="https://www.ozon.ru/context/detail/id/140322987/">
  <title>Масло моторное ZIC &quot;X9 LS Diesel&quot;, синтетическое, класс вязкости 5W-40, API SN/CF, 4 л. 162904</title>
  <category href="/category/avtomobilnye-motornye-masla-34118/">Автомобильные моторные масла</category>
  <price>2 170 ₽</price>
  <text>
<![CDATA[Описание  Полностью синтетическое моторное масло для дизельных и бензиновых двигателей современных легковых автомобилей.Изготовлено на основе собственного синтетического базового масла Yubase+ и низкозольного пакета присадок (Low SAPS), что обеспечивает дополнительную защиту комплексных систем очистки выхлопных газов (DPF, CPF, CAT и др.).ДОПУСКИAPI SNVolkswagen/AUDI/Skoda 505.00/505.01MB-Approval 229.51, 229.31GM dexos2СООТВЕТСТВУЕТACEA C3BMW LL-04Porsche A-40КАК МЫ ПОМОГАЕМ ВАШЕМУ ДВИГАТЕЛЮ• Защищает комплексные системы очистки выхлопных газов (DPF, CPF, CAT и др.) автомобилей экологического класса 6 и ниже.• Изготовлено на синтетической основе, что обеспечивает низкую испаряемость масла и минимизирует его расход.• Обладает отличной устойчивостью к окислению и высокой термической стабильностью.КАЧЕСТВОИзготовлено на основе собственного синтетического базового масла Yubase+ и низкозольного пакета присадок (Low SAPS), что обеспечивает дополнительную защиту комплексных систем очистки выхлопных газов (DPF, CPF, CAT и др.).ВНИМАНИЕ! Дата производства масла ZIC указана на упаковке в формате ГГ.ММ.ДД. (вторая строка под кодом). Первые две цифры - год выпуска. В коде также содержится дата выпуска, инструкция по расшифровке содержится на оборотной стороне канистры.  Показать полностью]]>  </text>
</doc>
