<?xml version="1.0" ?>
<doc href="https://www.ozon.ru/context/detail/id/139962698/">
  <title>Масло моторное Liqui Moly &quot;Molygen New Generation&quot;, НС-синтетическое, 10W-40, 5 л</title>
  <category href="/category/avtomobilnye-motornye-masla-34118/">Автомобильные моторные масла</category>
  <price>3 769 ₽</price>
  <text>
<![CDATA[Описание  Масло моторное Liqui Moly "Molygen New Generation" - моторное масло на базе  HC-синтетической технологии с фирменным антифрикционным пакетом  присадок Molygen, созданным на основе новейшей технологии Molecular Friction  Control. Оптимально для автомобилей европейского и российского рынка.  Экономит до 2,5% топлива и существенно продлевает ресурс двигателя.  Моторное масло удовлетворяет современным спецификациям API/ACEA. Класс  вязкости позволяет обеспечить высочайший уровень защиты автомобилей с  серьезным пробегом и легкого коммерческого транспорта.  Комбинация самых современных базовых масел и новейшего уникального  пакета присадок Molygen, созданного на основе гибридной технологии MFC,  обеспечивает моторному маслу непревзойденные защитные свойства.  Технология MFC (Molecular Friction Control) работает посредством легирования  поверхностного слоя деталей двигателя ионами молибдена и вольфрама. В  результате легированные поверхности обладают очень высоким запасом  прочности, который сохраняется на долгий срок.   Особенности:  - Наивысшая защита от износа - Высокие показатели топливной экономии - Надежное поступление масла к деталям двигателя во всем диапазоне рабочих  температур - Очень низкий расход масла - Отличная чистота двигателя - Экономия топлива и снижение вредных выбросов - Проверено на системах с турбинами, компрессорами и катализаторами  Моторное масло Molygen NG 10W-40 благодаря новейшей формуле MFC  позволяет существенно увеличить ресурс двигателя и сэкономить за счет  снижения расхода топлива. Допуск: - API: CF/SL - ACEA: A3/B4 - MB: 229.3 - VW: 502 00/505 00  Показать полностью]]>  </text>
</doc>
