<?xml version="1.0" ?>
<doc href="https://www.ozon.ru/context/detail/id/141361875/">
  <title>Масло моторное Bardahl &quot;XTS&quot;, синтетическое, 0W-40, 5 л</title>
  <category href="/category/avtomobilnye-motornye-masla-34118/">Автомобильные моторные масла</category>
  <price>4 208 ₽</price>
  <text>
<![CDATA[Описание  масло BARDAHL XTS 0w40  - 100% синтетическое масло последнего поколения. Совместимо с бензиновыми и дизельными двигателями. Снижает трение, очищает детали двигателя и оптимизирует потребление топлива. Комплексно защищает двигатель. Обеспечивает отличную производительность при низких  температурах.  Снижает расход топлива. - ACEA A3/B4.   - API SM/CF.  - BMW LL-01.   - MB 229.3.   - Porsche A40 .  - VW 502.00/505.00.  - RN0700/0710.]]>  </text>
</doc>
